{
  "AnalysisPack": {
    "ContractPack": {
      "issues": [],
      "ok": true,
      "schema": "ResultContractPack.v1"
    },
    "Conviction": 8.0,
    "ConvictionPack": {
      "Components": [
        {
          "Hit": true,
          "Key": "PriceAboveMA200",
          "Weight": 2.0
        },
        {
          "Hit": false,
          "Key": "RSIAbove55",
          "Weight": 1.0
        },
        {
          "Hit": true,
          "Key": "VolumeAboveAvg20",
          "Weight": 1.0
        },
        {
          "Hit": false,
          "Key": "MACDAboveSignal",
          "Weight": 0.5
        }
      ],
      "Facts": {
        "Close": 19.05,
        "MA200": 18.82615,
        "MACD": -1.5762055224190945,
        "RSI": 29.53588490204592,
        "Signal": -1.2682114102663062,
        "VolRatio": 1.1803926921374712
      },
      "Notes": [
        "PriceAboveMA200=True (+2.0)",
        "RSIAbove55=False (+1.0)",
        "VolumeAboveAvg20=True (+1.0)",
        "MACDAboveSignal=False (+0.5)"
      ],
      "Score": 8.0
    },
    "DNAPack": {
      "class_primary": "Event / Gap-Prone",
      "hard_gates": {
        "gap_prone": true,
        "illiquid": false
      },
      "modifiers": [
        "GAP",
        "HIVOL",
        "CHOPVOL"
      ],
      "near_boundary": false,
      "plan_prior_map": {
        "notes": "Priors are class/style-based; hard gates (ILLIQ/GAP) override to DEFENSIVE bias.",
        "plan_types": [
          "PULLBACK",
          "BREAKOUT",
          "MEAN_REV",
          "RECLAIM",
          "DEFENSIVE"
        ],
        "priors": {
          "BREAKOUT": {
            "fit_score": 4.5,
            "tier": "LOW"
          },
          "DEFENSIVE": {
            "fit_score": 8.5,
            "tier": "HIGH"
          },
          "MEAN_REV": {
            "fit_score": 4.5,
            "tier": "LOW"
          },
          "PULLBACK": {
            "fit_score": 4.5,
            "tier": "LOW"
          },
          "RECLAIM": {
            "fit_score": 6.8,
            "tier": "MED"
          }
        },
        "schema": "PlanPriorMap.v1"
      },
      "risk_regime": "High",
      "schema": "DNAPack.v1",
      "style_primary": "Trend",
      "style_tilt_strength": "-",
      "style_tilt_to": "-"
    },
    "DecisionPack": {
      "Flags": {},
      "Weakness": [],
      "action": "WAIT",
      "allocation": {
        "max_size_pct_nav": null,
        "notes": "-",
        "target_size_pct_nav": null
      },
      "constraints": [],
      "in_profit": false,
      "mode": "FLAT",
      "pnl_pct": NaN,
      "rationale": "Ch\u01b0a \u0111\u1ee7 \u0111i\u1ec1u ki\u1ec7n cho mua m\u1edbi; \u01b0u ti\u00ean ch\u1edd th\u00eam x\u00e1c nh\u1eadn (\u0111\u1eb7c bi\u1ec7t l\u00e0 Structure/Volume).",
      "schema": "DecisionPack.v1",
      "urgency": "MED"
    },
    "Fibonacci": {
      "AltShort": {
        "levels": {
          "127.2": 35.1308,
          "161.8": 39.940200000000004,
          "38.2": 26.0402,
          "50.0": 24.4,
          "61.8": 22.7598
        },
        "swing_high": 31.35,
        "swing_low": 17.45,
        "window": 90
      },
      "Context": {
        "Close": 19.05,
        "ConfluenceLongWithMA": {
          "MA20": [],
          "MA200": [],
          "MA50": []
        },
        "ConfluenceShortWithMA": {
          "MA20": [],
          "MA200": [],
          "MA50": []
        },
        "FiboConflictFlag": true,
        "FiboPriorityRuleApplied": "LongStructure_ShortTactical",
        "LongBand": "Between38.2_61.8",
        "NearestLong": {
          "Resistances": [
            {
              "DistPct": 5.958005249343841,
              "Level": "50.0",
              "Value": 20.185000000000002
            },
            {
              "DistPct": 19.789711286089247,
              "Level": "38.2",
              "Value": 22.819940000000003
            }
          ],
          "Supports": [
            {
              "DistPct": -7.873700787401567,
              "Level": "61.8",
              "Value": 17.550060000000002
            }
          ]
        },
        "NearestShort": {
          "Resistances": [
            {
              "DistPct": 18.371128608923886,
              "Level": "61.8",
              "Value": 22.5497
            },
            {
              "DistPct": 26.640419947506555,
              "Level": "50.0",
              "Value": 24.125
            }
          ],
          "Supports": []
        },
        "ShortBand": "Below38.2"
      },
      "Long": {
        "levels": {
          "127.2": 37.42376,
          "161.8": 45.14994,
          "38.2": 22.819940000000003,
          "50.0": 20.185000000000002,
          "61.8": 17.550060000000002
        },
        "swing_high": 31.35,
        "swing_low": 9.02
      },
      "LongWindow": {
        "Band": "Between38.2_61.8",
        "Value": 250
      },
      "SelectionReason": "AutoSelect=60 (higher relevance score)",
      "Short": {
        "levels": {
          "127.2": 34.431200000000004,
          "161.8": 39.0503,
          "38.2": 25.7003,
          "50.0": 24.125,
          "61.8": 22.5497
        },
        "swing_high": 30.8,
        "swing_low": 17.45
      },
      "ShortWindow": {
        "Band": "Below38.2",
        "Value": 60
      }
    },
    "Fundamental": {
      "Recommendation": "\u2013",
      "TargetK": NaN,
      "TargetVND": NaN,
      "UpsidePct": NaN
    },
    "Last": {
      "Avg20Vol": 18132525.0,
      "Close": 19.05,
      "MA20": 21.785,
      "MA200": 18.82615,
      "MA50": 23.842,
      "MACD": -1.5762055224190945,
      "MACDHist": -0.30799411215278827,
      "MACDSignal": -1.2682114102663062,
      "RSI": 29.53588490204592,
      "Volume": 21403500.0
    },
    "Market": {
      "RelativeStrengthVsVNINDEX": "InLine",
      "StockChangePct": 1.3297872340425532,
      "VN30": {
        "ChangePct": 0.4312002461254593,
        "Close": 2089.21,
        "Regime": "Up",
        "Ticker": "VN30"
      },
      "VNINDEX": {
        "ChangePct": 1.363638784870009,
        "Close": 1902.93,
        "Regime": "Up",
        "Ticker": "VNINDEX"
      }
    },
    "MasterScore": {
      "Components": {
        "Fibonacci": 1.2000000000000002,
        "Momentum": 0.4,
        "RRQuality": 1.5,
        "Trend": 1.2,
        "Volume": 1.6
      },
      "Notes": [
        "TrendTag=Structure_Up_Moderate",
        "MomTag=Aligned_Bearish",
        "VolTag=Above_Avg",
        "RRTag=Good_Gt3"
      ],
      "PositionSizing": "\u2013",
      "Tier": "\u2013",
      "Total": 5.9
    },
    "NarrativeAnchorPack": {
      "anchor_changed": true,
      "anchor_phrase": "C\u1ed5 phi\u1ebfu v\u1eadn \u0111\u1ed9ng theo xu h\u01b0\u1edbng; \u01b0u ti\u00ean k\u1ef7 lu\u1eadt h\u01a1n l\u00e0 ph\u1ea3n \u1ee9ng ng\u1eafn h\u1ea1n.",
      "detected_regime": "Trend",
      "hysteresis": {
        "candidate": "",
        "confirm_n": 2,
        "streak": 1
      },
      "prev_regime": "",
      "reason": "cold_start",
      "regime": "Trend",
      "schema": "NarrativeAnchorPack.v1",
      "source": "default"
    },
    "NarrativeDraftPack": {
      "anchor": {
        "phrase": "C\u1ed5 phi\u1ebfu v\u1eadn \u0111\u1ed9ng theo xu h\u01b0\u1edbng; \u01b0u ti\u00ean k\u1ef7 lu\u1eadt h\u01a1n l\u00e0 ph\u1ea3n \u1ee9ng ng\u1eafn h\u1ea1n.",
        "regime": "Trend"
      },
      "comms_policy": {
        "empathy_allowed": false,
        "max_numbers_per_sentence": 2,
        "no_slogans": true
      },
      "dna": {
        "banned_words": [
          "\u0111ang",
          "hi\u1ec7n t\u1ea1i",
          "t\u00edn hi\u1ec7u",
          "h\u00f4m nay"
        ],
        "facts": {
          "class_primary": "Event / Gap-Prone",
          "discipline_rule": "\u01b0u ti\u00ean tham gia khi c\u00f3 x\u00e1c nh\u1eadn; lu\u00f4n \u0111\u1eb7t m\u1ed1c b\u1ea3o v\u1ec7 v\u00e0 qu\u1ea3n tr\u1ecb t\u1ef7 tr\u1ecdng ch\u1eb7t, \u0111\u1eb7c bi\u1ec7t v\u1edbi r\u1ee7i ro qua \u0111\u00eam; \u01b0u ti\u00ean gi\u1ea3m quy m\u00f4 v\u00e0 h\u1ea1n ch\u1ebf \u0111\u00f2n b\u1ea9y",
          "dna_mapping": "c\u1ed5 phi\u1ebfu nh\u1ea1y tin, d\u1ec5 nh\u1ea3y gi\u00e1",
          "edge": "th\u01b0\u1eddng m\u1edf bi\u00ean l\u1ee3i nhu\u1eadn m\u1ea1nh khi catalyst r\u00f5 r\u00e0ng",
          "modifiers": [
            "GAP",
            "HIVOL",
            "CHOPVOL"
          ],
          "risk_regime": "High",
          "source": "DNAPack",
          "style_primary": "Trend",
          "ticker": "CII",
          "variant": "B"
        },
        "forbid_tokens": [
          "masterscore",
          "conviction",
          "\u0111i\u1ec3m t\u1ed5ng h\u1ee3p",
          "\u0111i\u1ec3m tin c\u1eady",
          "ms",
          "cv"
        ],
        "line_draft": "CII l\u00e0 ki\u1ec3u c\u1ed5 phi\u1ebfu nh\u1ea1y tin, d\u1ec5 nh\u1ea3y gi\u00e1; l\u1ee3i th\u1ebf n\u1eb1m \u1edf th\u01b0\u1eddng m\u1edf bi\u00ean l\u1ee3i nhu\u1eadn m\u1ea1nh khi catalyst r\u00f5 r\u00e0ng; \u0111\u1ed5i l\u1ea1i, \u0111i\u1ec1u ki\u1ec7n b\u1eaft bu\u1ed9c l\u00e0 \u01b0u ti\u00ean tham gia khi c\u00f3 x\u00e1c nh\u1eadn; lu\u00f4n \u0111\u1eb7t m\u1ed1c b\u1ea3o v\u1ec7 v\u00e0 qu\u1ea3n tr\u1ecb t\u1ef7 tr\u1ecdng ch\u1eb7t, \u0111\u1eb7c bi\u1ec7t v\u1edbi r\u1ee7i ro qua \u0111\u00eam; \u01b0u ti\u00ean gi\u1ea3m quy m\u00f4 v\u00e0 h\u1ea1n ch\u1ebf \u0111\u00f2n b\u1ea9y.",
        "max_numbers_per_sentence": 2,
        "variant_pref": "AUTO"
      },
      "plan": {
        "facts": {
          "blocker_code": "VOLUME_NEED_CONFIRM",
          "required_phrases": [
            "RR 3.5",
            "r\u1ee7i ro 3.7%"
          ],
          "risk_text": "3.7%",
          "rr_text": "3.5",
          "state": "WATCH",
          "type": "RECLAIM"
        },
        "forbid_price_levels": true,
        "line_draft": "Trade Plan \u01b0u ti\u00ean Reclaim (tr\u1ea1ng th\u00e1i WATCH), \u0111i\u1ec3m ngh\u1ebdn ch\u00ednh: VOLUME_NEED_CONFIRM. Tr\u1ecdng t\u00e2m k\u1ef7 lu\u1eadt: RR 3.5; r\u1ee7i ro 3.7%.",
        "max_numbers_per_sentence": 2,
        "max_sentences": 2
      },
      "schema": "NarrativeDraftPack.v1",
      "status": {
        "facts": {
          "ma200_context": "HEALTHY_PULLBACK",
          "momentum_context": "-",
          "risk_context": "HIGH",
          "structure_context": "INTACT",
          "volume_context": "NEUTRAL"
        },
        "line_draft": "C\u1ed5 phi\u1ebfu v\u1eadn \u0111\u1ed9ng theo xu h\u01b0\u1edbng; \u01b0u ti\u00ean k\u1ef7 lu\u1eadt h\u01a1n l\u00e0 ph\u1ea3n \u1ee9ng ng\u1eafn h\u1ea1n. tr\u00ean MA200 nh\u01b0ng \u0111ang \u0111i\u1ec1u ch\u1ec9nh l\u00e0nh m\u1ea1nh; c\u1ea5u tr\u00fac c\u00f2n gi\u1eef; d\u00f2ng ti\u1ec1n trung t\u00ednh. M\u1ee9c r\u1ee7i ro cao.",
        "max_numbers_per_sentence": 2,
        "max_sentences": 2
      }
    },
    "PlanStabilityPack": {
      "carryover_plan_id": "",
      "notes": [],
      "plan_state": "PAUSED",
      "prev_plan_state": "",
      "raw_plan_present": false,
      "reason": "still_no_plan",
      "schema": "PlanStabilityPack.v1"
    },
    "PositionManagerPack": {
      "Levels": {},
      "Notes": [],
      "action": "WAIT",
      "guidance": "Quan s\u00e1t th\u00eam; tr\u00e1nh h\u00e0nh \u0111\u1ed9ng khi ch\u01b0a c\u00f3 x\u00e1c nh\u1eadn c\u1ea5u tr\u00fac/volume.",
      "mode": "FLAT",
      "position_size_pct_nav": null,
      "schema": "PositionManagerPack.v1",
      "size_cap_pct_nav": null,
      "stop_suggest": 19.48,
      "trim_pct_of_position": null,
      "urgency": "MED"
    },
    "PositionStatePack": {
      "AvgCost": NaN,
      "AvgCostGapPct": NaN,
      "CurrentPrice": 19.05,
      "DistressLevel": "-",
      "HoldingHorizon": "SWING",
      "InProfit": false,
      "IsHolding": false,
      "Mode": "FLAT",
      "PnlPct": NaN,
      "PositionSizePctNAV": NaN,
      "RiskBudgetPctNAV": NaN,
      "Timeframe": "D",
      "UnderwaterPct": NaN,
      "avg_cost": NaN,
      "avg_cost_gap_pct": NaN,
      "current_price": 19.05,
      "distress_level": "-",
      "holding_horizon": "SWING",
      "in_profit": false,
      "is_holding": false,
      "mode": "FLAT",
      "pnl_pct": NaN,
      "position_size_pct_nav": NaN,
      "risk_budget_pct_nav": NaN,
      "timeframe": "D",
      "underwater_pct": NaN
    },
    "PrimarySetup": {
      "Confidence (Tech)": "Medium",
      "Entry": 20.23,
      "Name": "Reclaim",
      "RR": 3.453333333333333,
      "ReasonTags": [
        "EntryAnchor=FibL_50.0",
        "StopRef=FibL_50.0",
        "TP=Fib38.2",
        "VolRatio=1.18",
        "Buffer=Dynamic(ATR/Proxy)"
      ],
      "RewardPct": 12.802768166089965,
      "RiskPct": 3.7073652990608004,
      "Status": "Watch",
      "Stop": 19.48,
      "TP1": 22.82,
      "TP2": 24.374000000000002
    },
    "ProTech": {
      "Bias": {
        "Alignment": "RSI_Below30",
        "BiasCode": "ZoneBelow30__MACD_Below_Signal__Zero=Below__Hist=Contracting_Negative__Cross=CrossDown__Align=RSI_Below30",
        "Facts": {
          "MACDCrossBarsAgo": 22,
          "MACDCrossEvent": "CrossDown",
          "MACDHistState": "Contracting_Negative",
          "MACDRelation": "MACD_Below_Signal",
          "MACDZeroLine": "Below",
          "RSIDirection": "Rising",
          "RSIDivergenceType": "None",
          "RSIValue": 29.53588490204592,
          "RSIZone": "ZoneBelow30"
        },
        "Notes": [
          "Bias m\u00f4 t\u1ea3 b\u1eb1ng \u0111i\u1ec1u ki\u1ec7n (facts), kh\u00f4ng k\u1ebft lu\u1eadn t\u1ed1t/x\u1ea5u.",
          "MACD_CrossEvent=CrossDown; BarsAgo=22"
        ],
        "Tags": [
          "ZoneBelow30",
          "MACD_Below_Signal",
          "MACD_ZeroLine=Below",
          "MACD_HistState=Contracting_Negative",
          "MACD_Cross=CrossDown",
          "RSI_Direction=Rising",
          "RSI_Divergence=None",
          "Alignment=RSI_Below30"
        ]
      },
      "LevelContext": {
        "NearestResistance": {
          "DistPct": 5.958005249343841,
          "Label": "50.0",
          "Level": 20.185000000000002
        },
        "NearestSupport": {
          "DistPct": -7.873700787401567,
          "Label": "61.8",
          "Level": 17.550060000000002
        }
      },
      "MA": {
        "Cross": {
          "MA20VsMA50": {
            "BarsAgo": 18,
            "Event": "CrossDown"
          },
          "MA50VsMA200": {
            "BarsAgo": null,
            "Event": "None"
          },
          "PriceVsMA200": {
            "BarsAgo": 1,
            "Event": "CrossUp"
          },
          "PriceVsMA50": {
            "BarsAgo": null,
            "Event": "None"
          }
        },
        "DistToMA200Pct": 1.1890375886732145,
        "DistToMA50Pct": -20.09898498448116,
        "Regime": "MixedStructure",
        "SlopeMA20": "Negative",
        "SlopeMA200": "Positive",
        "SlopeMA200Value": 0.4044999999999952,
        "SlopeMA20Value": -2.8974999999999973,
        "SlopeMA50": "Negative",
        "SlopeMA50Value": -1.1610000000000014,
        "Structure": {
          "MA20AboveMA50": false,
          "MA50AboveMA200": true,
          "PriceAboveMA200": true,
          "PriceAboveMA50": false
        }
      },
      "MACD": {
        "Cross": {
          "BarsAgo": 22,
          "Event": "CrossDown"
        },
        "Diff_MACD_Signal": -0.30799411215278827,
        "Divergence": {
          "Detail": "\u2013",
          "Type": "None"
        },
        "Hist": -0.30799411215278827,
        "HistState": "Contracting_Negative",
        "Hist_Series_6": [
          -0.3403787439371585,
          -0.34649135819348653,
          -0.3397704542384563,
          -0.3947830951919242,
          -0.36983368717152,
          -0.30799411215278827
        ],
        "Hist_Streak_Neg": 23,
        "Hist_Streak_Pos": 0,
        "MACD_Delta5": -0.4073335449526745,
        "Signal": -1.2682114102663062,
        "State": "MACD_Below_Signal",
        "Value": -1.5762055224190945,
        "ZeroLine": "Below"
      },
      "PriceAction": {
        "Candle": {
          "BodyPct": 27.77777777777771,
          "Close": 19.05,
          "CloseFromHighPct": 83.33333333333314,
          "CloseFromLowPct": 16.666666666666863,
          "Direction": "Bear",
          "GapPct": 2.6595744680851063,
          "High": 19.8,
          "Low": 18.9,
          "LowerWickPct": 16.666666666666863,
          "Open": 19.3,
          "RangePctOfClose": 4.724409448818909,
          "RangePercentile60": 30.0,
          "UpperWickPct": 55.55555555555542
        },
        "Context": {
          "FiboConflictFlag": true,
          "FiboPriorityRuleApplied": "LongStructure_ShortTactical",
          "NearFibLong": [],
          "NearFibShort": [],
          "NearMA": {
            "MA20": {
              "DistPct": 14.356955380577425,
              "Near": false,
              "Value": 21.785
            },
            "MA200": {
              "DistPct": 1.1750656167979123,
              "Near": false,
              "Value": 18.82615
            },
            "MA50": {
              "DistPct": 25.15485564304461,
              "Near": false,
              "Value": 23.842
            }
          },
          "VolumeRegime": "Normal"
        },
        "Notes": [
          "Dir=Bear, BodyPct=27.77777777777771, WickU=55.55555555555542, WickL=16.666666666666863, RangePct=4.724409448818909",
          "RangePercentile60=30.0",
          "GapPct=2.6595744680851063",
          "VolRegime=Normal"
        ],
        "Patterns": {
          "BearishEngulfing": false,
          "BullishEngulfing": false,
          "Doji": false,
          "Hammer": false,
          "InsideBar": false,
          "OutsideBar": false,
          "ShootingStar": false
        }
      },
      "RSI": {
        "Delta5": 1.5818687274215222,
        "Direction": "Rising",
        "Divergence": {
          "Detail": "\u2013",
          "Type": "None"
        },
        "Max20": 45.374019743155664,
        "Min20": 23.120310571886407,
        "RSI_Series_6": [
          27.9540161746244,
          28.402543158109793,
          27.48130721522709,
          23.120310571886407,
          27.26376540147362,
          29.53588490204592
        ],
        "State": "ZoneBelow30",
        "StreakAbove70": 0,
        "StreakBelow30": 6,
        "Value": 29.53588490204592
      },
      "RSIContext": {
        "Cross70BarsAgo": 63,
        "Delta3": 2.0545776868188312,
        "Delta5": 1.5818687274215222,
        "Streak70": 0,
        "Turning": "Rising"
      },
      "Volume": {
        "Avg20Vol": 18132525.0,
        "Ratio": 1.1803926921374712,
        "Regime": "Normal",
        "Vol": 21403500.0
      },
      "VolumeContext": {
        "VolStreakUp": 0,
        "VolTrend": "Rising"
      }
    },
    "RRSim": {
      "BestRR": 3.453333333333333,
      "Setups": [
        {
          "Confidence (Tech)": "Medium",
          "Entry": 20.23,
          "RR": 3.453333333333333,
          "ReasonTags": [
            "EntryAnchor=FibL_50.0",
            "StopRef=FibL_50.0",
            "TP=Fib38.2",
            "VolRatio=1.18",
            "Buffer=Dynamic(ATR/Proxy)"
          ],
          "RewardPct": 12.802768166089965,
          "RiskPct": 3.7073652990608004,
          "Setup": "Reclaim",
          "Status": "Watch",
          "Stop": 19.48,
          "TP": 22.82
        },
        {
          "Confidence (Tech)": "\u2013",
          "Entry": NaN,
          "RR": NaN,
          "ReasonTags": [
            "Defensive=NoTrade"
          ],
          "RewardPct": NaN,
          "RiskPct": NaN,
          "Setup": "Defensive",
          "Status": "Watch",
          "Stop": NaN,
          "TP": NaN
        }
      ]
    },
    "Scenario12": {
      "Code": 5,
      "Flags": {
        "Mom70Plus": false,
        "MomAligned": true,
        "TrendDown": false,
        "TrendUp": false,
        "VolHigh": true
      },
      "MomentumRegime": "Aligned",
      "Name": "S5 \u2013 Range + Momentum Aligned",
      "RulesHit": [
        "Trend=Neutral (mixed MA structure)",
        "Momentum=Aligned_Down (RSI<=45 & MACD<Sig)",
        "Volume=High (Vol > Avg20Vol)"
      ],
      "TrendRegime": "Neutral",
      "VolumeRegime": "High"
    },
    "ScenarioBase": "Uptrend \u2013 Pullback Phase",
    "StatusPack": {
      "class_context": {
        "class_primary": "Event / Gap-Prone",
        "hard_gates": {
          "gap_prone": true,
          "illiquid": false
        },
        "risk_regime": "High",
        "style_primary": "Trend"
      },
      "schema": "StatusPack.v1",
      "technicals": {
        "climax_flag": false,
        "gap_flag": false,
        "ma200_context": "HEALTHY_PULLBACK",
        "momentum_context": "-",
        "range_context": "-",
        "risk_context": "HIGH",
        "slope200": "POSITIVE",
        "slope50": "NEGATIVE",
        "structure_context": "INTACT",
        "volume_context": "NEUTRAL"
      }
    },
    "StructureQuality": {
      "Gates": {
        "CeilingGate": {
          "DistancePct": 2.362204724409445,
          "Horizon": "TACTICAL",
          "NearestLevelPrice": 19.5,
          "Reason": "Ceiling manageable",
          "Status": "PASS",
          "Tier": "LIGHT"
        }
      },
      "Meta": {
        "NearThresholdPct": 2.5,
        "Price": 19.05,
        "VolPct_ATRProxy": 3.707349081364828,
        "ZoneWidthPct": 2.0
      },
      "OverheadResistance": {
        "Nearest": {
          "Center": 19.5,
          "ComponentsTop": [
            {
              "DistPct": 2.362204724409445,
              "Horizon": "TACTICAL",
              "Price": 19.5,
              "Type": "DAILY_SWING_LOW",
              "Weight": 2.5
            }
          ],
          "ConfluenceCount": 1,
          "DistancePct": 2.362204724409445,
          "Horizon": "TACTICAL",
          "QualityScore": 3.0,
          "Tier": "LIGHT",
          "Zone": {
            "High": 19.5,
            "Low": 19.5
          }
        }
      },
      "UnderlyingSupport": {
        "Nearest": {
          "Center": 18.82615,
          "ComponentsTop": [
            {
              "DistPct": -1.1750656167979123,
              "Horizon": "STRUCTURAL",
              "Price": 18.82615,
              "Type": "MA200",
              "Weight": 4.0
            }
          ],
          "ConfluenceCount": 1,
          "DistancePct": 1.1750656167979123,
          "Horizon": "STRUCTURAL",
          "QualityScore": 4.8,
          "Tier": "MED",
          "Zone": {
            "High": 18.82615,
            "Low": 18.82615
          }
        }
      }
    },
    "Ticker": "CII",
    "TradePlanPack": {
      "Plans": [],
      "clear_winner": false,
      "clear_winner_reason": "CW_NONE",
      "clear_winner_thresholds": {
        "abs_gap_floor": 1.0,
        "gap_min": 1.2,
        "rel_gap_min": 0.15,
        "score1_min": 8.0
      },
      "display_mode": "TOP2",
      "explain": "TradePlanBuilder: candidate plans are scored by (DNA priors + contextual status + RR + execution). Policy hint applied.",
      "force_top2": true,
      "force_top2_reason": "CW_BLOCK_RISK_HIGH",
      "holding_overlay": {
        "distress_level": "-",
        "pnl_pct": NaN
      },
      "mode": "FLAT",
      "plan_alt": {
        "defensive_hard_stop": 16.84,
        "defensive_reclaim": 20.23,
        "defensive_reclaim_level": 20.23,
        "defensive_reclaim_zone": {
          "High": 20.38,
          "Low": 20.080000000000002
        },
        "entry_zone": {
          "High": NaN,
          "Low": NaN
        },
        "fail_reasons": [],
        "gates": {
          "breakout": "PASS",
          "exec": "PASS",
          "plan": "PASS",
          "rr": "PASS",
          "structure": "PASS",
          "trigger": "PASS",
          "volume": "PASS"
        },
        "invalidation": "Invalidation: th\u1ee7ng stop/\u0111\u00f3ng c\u1eeda d\u01b0\u1edbi v\u00f9ng c\u1ea5u tr\u00fac neo stop.",
        "management_rules": [
          "\u01afu ti\u00ean \u0111\u1ee9ng ngo\u00e0i ho\u1eb7c gi\u1ea3m r\u1ee7i ro khi c\u1ea5u tr\u00fac/volume ch\u01b0a x\u00e1c nh\u1eadn.",
          "Ch\u1ec9 chuy\u1ec3n sang plan ch\u1ee7 \u0111\u1ed9ng khi Structure/Volume/Trigger c\u1ea3i thi\u1ec7n."
        ],
        "notes_short": "Scenario: S5 \u2013 Range + Momentum Aligned | Setup: Defensive",
        "plan_completeness": {
          "message": "-",
          "missing": [],
          "status": "PASS"
        },
        "rank_score": 5.672,
        "rr_actual": NaN,
        "rr_display": "-",
        "rr_min": 1.5,
        "state": "WATCH",
        "stop": NaN,
        "tp1": NaN,
        "tp2": NaN,
        "type": "DEFENSIVE"
      },
      "plan_completeness": {
        "message": "-",
        "missing": [],
        "status": "PASS"
      },
      "plan_primary": {
        "entry_zone": {
          "High": 20.38,
          "Low": 20.080000000000002
        },
        "fail_reasons": [
          {
            "code": "VOLUME_NEED_CONFIRM",
            "label": "Ch\u01b0a c\u00f3 volume x\u00e1c nh\u1eadn; \u01b0u ti\u00ean ch\u1edd t\u0103ng x\u00e1c su\u1ea5t.",
            "severity": 1,
            "ui_short": "Ch\u1edd volume"
          },
          {
            "code": "TRIGGER_NOT_READY",
            "label": "Trigger ch\u01b0a k\u00edch ho\u1ea1t; \u01b0u ti\u00ean ch\u1edd x\u00e1c nh\u1eadn.",
            "severity": 1,
            "ui_short": "Ch\u1edd trigger"
          }
        ],
        "gates": {
          "breakout": "WAIT",
          "exec": "PASS",
          "plan": "PASS",
          "rr": "PASS",
          "structure": "PASS",
          "trigger": "WAIT",
          "volume": "WAIT"
        },
        "invalidation": "Invalidation: th\u1ee7ng stop/\u0111\u00f3ng c\u1eeda d\u01b0\u1edbi v\u00f9ng c\u1ea5u tr\u00fac neo stop.",
        "management_rules": [
          "Ch\u1edd reclaim m\u1ed1c c\u1ea5u tr\u00fac (gi\u00e1 l\u1ea5y l\u1ea1i kh\u00e1ng c\u1ef1 v\u00e0 gi\u1eef \u0111\u01b0\u1ee3c).",
          "Stop: d\u01b0\u1edbi m\u1ed1c reclaim + buffer (\u0111\u1ed9ng).",
          "N\u1ebfu reclaim fail \u2192 gi\u1ea3m/tho\u00e1t nhanh."
        ],
        "notes_short": "Scenario: S5 \u2013 Range + Momentum Aligned | Setup: Reclaim",
        "plan_completeness": {
          "message": "-",
          "missing": [],
          "status": "PASS"
        },
        "rank_score": 6.672000000000001,
        "rr_actual": 3.453333333333333,
        "rr_display": "3.5",
        "rr_min": 1.5,
        "state": "WATCH",
        "stop": 19.48,
        "tp1": 22.82,
        "tp2": 24.374000000000002,
        "type": "RECLAIM"
      },
      "plans_all": [
        {
          "entry_zone": {
            "High": 20.38,
            "Low": 20.080000000000002
          },
          "fail_reasons": [
            {
              "code": "VOLUME_NEED_CONFIRM",
              "label": "Ch\u01b0a c\u00f3 volume x\u00e1c nh\u1eadn; \u01b0u ti\u00ean ch\u1edd t\u0103ng x\u00e1c su\u1ea5t.",
              "severity": 1,
              "ui_short": "Ch\u1edd volume"
            },
            {
              "code": "TRIGGER_NOT_READY",
              "label": "Trigger ch\u01b0a k\u00edch ho\u1ea1t; \u01b0u ti\u00ean ch\u1edd x\u00e1c nh\u1eadn.",
              "severity": 1,
              "ui_short": "Ch\u1edd trigger"
            }
          ],
          "gates": {
            "breakout": "WAIT",
            "exec": "PASS",
            "plan": "PASS",
            "rr": "PASS",
            "structure": "PASS",
            "trigger": "WAIT",
            "volume": "WAIT"
          },
          "invalidation": "Invalidation: th\u1ee7ng stop/\u0111\u00f3ng c\u1eeda d\u01b0\u1edbi v\u00f9ng c\u1ea5u tr\u00fac neo stop.",
          "management_rules": [
            "Ch\u1edd reclaim m\u1ed1c c\u1ea5u tr\u00fac (gi\u00e1 l\u1ea5y l\u1ea1i kh\u00e1ng c\u1ef1 v\u00e0 gi\u1eef \u0111\u01b0\u1ee3c).",
            "Stop: d\u01b0\u1edbi m\u1ed1c reclaim + buffer (\u0111\u1ed9ng).",
            "N\u1ebfu reclaim fail \u2192 gi\u1ea3m/tho\u00e1t nhanh."
          ],
          "notes_short": "Scenario: S5 \u2013 Range + Momentum Aligned | Setup: Reclaim",
          "plan_completeness": {
            "message": "-",
            "missing": [],
            "status": "PASS"
          },
          "rank_score": 6.672000000000001,
          "rr_actual": 3.453333333333333,
          "rr_display": "3.5",
          "rr_min": 1.5,
          "state": "WATCH",
          "stop": 19.48,
          "tp1": 22.82,
          "tp2": 24.374000000000002,
          "type": "RECLAIM"
        },
        {
          "defensive_hard_stop": 16.84,
          "defensive_reclaim": 20.23,
          "defensive_reclaim_level": 20.23,
          "defensive_reclaim_zone": {
            "High": 20.38,
            "Low": 20.080000000000002
          },
          "entry_zone": {
            "High": NaN,
            "Low": NaN
          },
          "fail_reasons": [],
          "gates": {
            "breakout": "PASS",
            "exec": "PASS",
            "plan": "PASS",
            "rr": "PASS",
            "structure": "PASS",
            "trigger": "PASS",
            "volume": "PASS"
          },
          "invalidation": "Invalidation: th\u1ee7ng stop/\u0111\u00f3ng c\u1eeda d\u01b0\u1edbi v\u00f9ng c\u1ea5u tr\u00fac neo stop.",
          "management_rules": [
            "\u01afu ti\u00ean \u0111\u1ee9ng ngo\u00e0i ho\u1eb7c gi\u1ea3m r\u1ee7i ro khi c\u1ea5u tr\u00fac/volume ch\u01b0a x\u00e1c nh\u1eadn.",
            "Ch\u1ec9 chuy\u1ec3n sang plan ch\u1ee7 \u0111\u1ed9ng khi Structure/Volume/Trigger c\u1ea3i thi\u1ec7n."
          ],
          "notes_short": "Scenario: S5 \u2013 Range + Momentum Aligned | Setup: Defensive",
          "plan_completeness": {
            "message": "-",
            "missing": [],
            "status": "PASS"
          },
          "rank_score": 5.672,
          "rr_actual": NaN,
          "rr_display": "-",
          "rr_min": 1.5,
          "state": "WATCH",
          "stop": NaN,
          "tp1": NaN,
          "tp2": NaN,
          "type": "DEFENSIVE"
        },
        {
          "entry_zone": {
            "High": 19.227999999999998,
            "Low": 18.432
          },
          "fail_reasons": [
            {
              "code": "RR_BELOW_MIN",
              "label": "R:R d\u01b0\u1edbi m\u1ee9c t\u1ed1i thi\u1ec3u theo policy; c\u1ea7n \u0111i\u1ec3m v\u00e0o t\u1ed1t h\u01a1n ho\u1eb7c stop h\u1ee3p l\u00fd h\u01a1n.",
              "severity": 2,
              "ui_short": "RR th\u1ea5p"
            },
            {
              "code": "TRIGGER_INVALID",
              "label": "Trigger b\u1ecb invalid theo setup; kh\u00f4ng tri\u1ec3n khai plan n\u00e0y.",
              "severity": 2,
              "ui_short": "Trigger invalid"
            }
          ],
          "gates": {
            "breakout": "PASS",
            "exec": "PASS",
            "plan": "PASS",
            "rr": "FAIL",
            "structure": "PASS",
            "trigger": "FAIL",
            "volume": "PASS"
          },
          "invalidation": "Invalidation: th\u1ee7ng stop/\u0111\u00f3ng c\u1eeda d\u01b0\u1edbi v\u00f9ng c\u1ea5u tr\u00fac neo stop.",
          "management_rules": [
            "\u01afu ti\u00ean h\u1ed3i v\u1ec1 h\u1ed7 tr\u1ee3 (MA/Fib) r\u1ed3i m\u1edbi v\u00e0o; tr\u00e1nh mua \u0111u\u1ed5i.",
            "Stop: d\u01b0\u1edbi h\u1ed7 tr\u1ee3 neo + buffer (\u0111\u1ed9ng).",
            "Khi h\u1ed3i l\u00ean kh\u00e1ng c\u1ef1 g\u1ea7n, \u01b0u ti\u00ean ch\u1ed1t m\u1ed9t ph\u1ea7n/si\u1ebft stop."
          ],
          "notes_short": "Scenario: S5 \u2013 Range + Momentum Aligned | Setup: Pullback",
          "plan_completeness": {
            "message": "-",
            "missing": [],
            "status": "PASS"
          },
          "rank_score": 5.372000000000001,
          "rr_actual": 0.6834170854271377,
          "rr_display": "-",
          "rr_min": 1.5,
          "state": "WATCH",
          "stop": 16.84,
          "tp1": 20.19,
          "tp2": 21.006000000000004,
          "type": "PULLBACK"
        },
        {
          "entry_zone": {
            "High": 22.968,
            "Low": 22.592000000000002
          },
          "fail_reasons": [
            {
              "code": "RR_BELOW_MIN",
              "label": "R:R d\u01b0\u1edbi m\u1ee9c t\u1ed1i thi\u1ec3u theo policy; c\u1ea7n \u0111i\u1ec3m v\u00e0o t\u1ed1t h\u01a1n ho\u1eb7c stop h\u1ee3p l\u00fd h\u01a1n.",
              "severity": 2,
              "ui_short": "RR th\u1ea5p"
            },
            {
              "code": "TRIGGER_INVALID",
              "label": "Trigger b\u1ecb invalid theo setup; kh\u00f4ng tri\u1ec3n khai plan n\u00e0y.",
              "severity": 2,
              "ui_short": "Trigger invalid"
            },
            {
              "code": "VOLUME_NEED_CONFIRM",
              "label": "Ch\u01b0a c\u00f3 volume x\u00e1c nh\u1eadn; \u01b0u ti\u00ean ch\u1edd t\u0103ng x\u00e1c su\u1ea5t.",
              "severity": 1,
              "ui_short": "Ch\u1edd volume"
            }
          ],
          "gates": {
            "breakout": "WAIT",
            "exec": "PASS",
            "plan": "PASS",
            "rr": "FAIL",
            "structure": "PASS",
            "trigger": "FAIL",
            "volume": "WAIT"
          },
          "invalidation": "Invalidation: th\u1ee7ng stop/\u0111\u00f3ng c\u1eeda d\u01b0\u1edbi v\u00f9ng c\u1ea5u tr\u00fac neo stop.",
          "management_rules": [
            "Entry ch\u1ec9 khi gi\u00e1 v\u01b0\u1ee3t v\u00f9ng kh\u00e1ng c\u1ef1 v\u00e0 c\u00f3 follow-through.",
            "Stop: d\u01b0\u1edbi v\u00f9ng breakout + buffer (\u0111\u1ed9ng theo ATR/vol proxy).",
            "N\u1ebfu breakout fail (\u0111\u00f3ng c\u1eeda l\u1ea1i d\u01b0\u1edbi v\u00f9ng), \u01b0u ti\u00ean tho\u00e1t/gi\u1ea3m."
          ],
          "notes_short": "Scenario: S5 \u2013 Range + Momentum Aligned | Setup: Breakout",
          "plan_completeness": {
            "message": "-",
            "missing": [],
            "status": "PASS"
          },
          "rank_score": 5.0360000000000005,
          "rr_actual": 0.04255319148936074,
          "rr_display": "-",
          "rr_min": 1.5,
          "state": "WATCH",
          "stop": 21.84,
          "tp1": 22.82,
          "tp2": 22.844,
          "type": "BREAKOUT"
        },
        {
          "entry_zone": {
            "High": 19.227999999999998,
            "Low": 18.432
          },
          "fail_reasons": [
            {
              "code": "RR_BELOW_MIN",
              "label": "R:R d\u01b0\u1edbi m\u1ee9c t\u1ed1i thi\u1ec3u theo policy; c\u1ea7n \u0111i\u1ec3m v\u00e0o t\u1ed1t h\u01a1n ho\u1eb7c stop h\u1ee3p l\u00fd h\u01a1n.",
              "severity": 2,
              "ui_short": "RR th\u1ea5p"
            },
            {
              "code": "TRIGGER_INVALID",
              "label": "Trigger b\u1ecb invalid theo setup; kh\u00f4ng tri\u1ec3n khai plan n\u00e0y.",
              "severity": 2,
              "ui_short": "Trigger invalid"
            },
            {
              "code": "VOLUME_NEED_CONFIRM",
              "label": "Ch\u01b0a c\u00f3 volume x\u00e1c nh\u1eadn; \u01b0u ti\u00ean ch\u1edd t\u0103ng x\u00e1c su\u1ea5t.",
              "severity": 1,
              "ui_short": "Ch\u1edd volume"
            }
          ],
          "gates": {
            "breakout": "PASS",
            "exec": "PASS",
            "plan": "PASS",
            "rr": "FAIL",
            "structure": "PASS",
            "trigger": "FAIL",
            "volume": "WAIT"
          },
          "invalidation": "Invalidation: th\u1ee7ng stop/\u0111\u00f3ng c\u1eeda d\u01b0\u1edbi v\u00f9ng c\u1ea5u tr\u00fac neo stop.",
          "management_rules": [
            "Ch\u1ec9 tri\u1ec3n khai khi c\u00f3 range r\u00f5; \u01b0u ti\u00ean v\u00e0o g\u1ea7n h\u1ed7 tr\u1ee3 v\u00e0 tho\u00e1t g\u1ea7n kh\u00e1ng c\u1ef1.",
            "Stop: d\u01b0\u1edbi h\u1ed7 tr\u1ee3 neo + buffer (\u0111\u1ed9ng).",
            "Kh\u00f4ng \u0111u\u1ed5i theo breakout trong regime range n\u1ebfu ch\u01b0a c\u00f3 x\u00e1c nh\u1eadn."
          ],
          "notes_short": "Scenario: S5 \u2013 Range + Momentum Aligned | Setup: MeanRev",
          "plan_completeness": {
            "message": "-",
            "missing": [],
            "status": "PASS"
          },
          "rank_score": 4.196000000000001,
          "rr_actual": 0.6834170854271377,
          "rr_display": "-",
          "rr_min": 1.5,
          "state": "WATCH",
          "stop": 16.84,
          "tp1": 20.19,
          "tp2": 21.006000000000004,
          "type": "MEAN_REV"
        }
      ],
      "plans_display": [
        {
          "entry_zone": {
            "High": 20.38,
            "Low": 20.080000000000002
          },
          "fail_reasons": [
            {
              "code": "VOLUME_NEED_CONFIRM",
              "label": "Ch\u01b0a c\u00f3 volume x\u00e1c nh\u1eadn; \u01b0u ti\u00ean ch\u1edd t\u0103ng x\u00e1c su\u1ea5t.",
              "severity": 1,
              "ui_short": "Ch\u1edd volume"
            },
            {
              "code": "TRIGGER_NOT_READY",
              "label": "Trigger ch\u01b0a k\u00edch ho\u1ea1t; \u01b0u ti\u00ean ch\u1edd x\u00e1c nh\u1eadn.",
              "severity": 1,
              "ui_short": "Ch\u1edd trigger"
            }
          ],
          "gates": {
            "breakout": "WAIT",
            "exec": "PASS",
            "plan": "PASS",
            "rr": "PASS",
            "structure": "PASS",
            "trigger": "WAIT",
            "volume": "WAIT"
          },
          "invalidation": "Invalidation: th\u1ee7ng stop/\u0111\u00f3ng c\u1eeda d\u01b0\u1edbi v\u00f9ng c\u1ea5u tr\u00fac neo stop.",
          "management_rules": [
            "Ch\u1edd reclaim m\u1ed1c c\u1ea5u tr\u00fac (gi\u00e1 l\u1ea5y l\u1ea1i kh\u00e1ng c\u1ef1 v\u00e0 gi\u1eef \u0111\u01b0\u1ee3c).",
            "Stop: d\u01b0\u1edbi m\u1ed1c reclaim + buffer (\u0111\u1ed9ng).",
            "N\u1ebfu reclaim fail \u2192 gi\u1ea3m/tho\u00e1t nhanh."
          ],
          "notes_short": "Scenario: S5 \u2013 Range + Momentum Aligned | Setup: Reclaim",
          "plan_completeness": {
            "message": "-",
            "missing": [],
            "status": "PASS"
          },
          "rank_score": 6.672000000000001,
          "rr_actual": 3.453333333333333,
          "rr_display": "3.5",
          "rr_min": 1.5,
          "state": "WATCH",
          "stop": 19.48,
          "tp1": 22.82,
          "tp2": 24.374000000000002,
          "type": "RECLAIM"
        },
        {
          "defensive_hard_stop": 16.84,
          "defensive_reclaim": 20.23,
          "defensive_reclaim_level": 20.23,
          "defensive_reclaim_zone": {
            "High": 20.38,
            "Low": 20.080000000000002
          },
          "entry_zone": {
            "High": NaN,
            "Low": NaN
          },
          "fail_reasons": [],
          "gates": {
            "breakout": "PASS",
            "exec": "PASS",
            "plan": "PASS",
            "rr": "PASS",
            "structure": "PASS",
            "trigger": "PASS",
            "volume": "PASS"
          },
          "invalidation": "Invalidation: th\u1ee7ng stop/\u0111\u00f3ng c\u1eeda d\u01b0\u1edbi v\u00f9ng c\u1ea5u tr\u00fac neo stop.",
          "management_rules": [
            "\u01afu ti\u00ean \u0111\u1ee9ng ngo\u00e0i ho\u1eb7c gi\u1ea3m r\u1ee7i ro khi c\u1ea5u tr\u00fac/volume ch\u01b0a x\u00e1c nh\u1eadn.",
            "Ch\u1ec9 chuy\u1ec3n sang plan ch\u1ee7 \u0111\u1ed9ng khi Structure/Volume/Trigger c\u1ea3i thi\u1ec7n."
          ],
          "notes_short": "Scenario: S5 \u2013 Range + Momentum Aligned | Setup: Defensive",
          "plan_completeness": {
            "message": "-",
            "missing": [],
            "status": "PASS"
          },
          "rank_score": 5.672,
          "rr_actual": NaN,
          "rr_display": "-",
          "rr_min": 1.5,
          "state": "WATCH",
          "stop": NaN,
          "tp1": NaN,
          "tp2": NaN,
          "type": "DEFENSIVE"
        }
      ],
      "policy_hint_line": "RR>=2.5 | Size<=50% | Overnight: Avoid",
      "schema": "TradePlanPack.v1"
    },
    "TradePlans": [
      {
        "Confidence (Tech)": "\u2013",
        "Entry": 22.78,
        "Name": "Breakout",
        "RR": 0.04255319148936074,
        "ReasonTags": [
          "Anchor=FibS_61.8",
          "StopRef=FibS_61.8",
          "VolRatio=1.18",
          "Buffer=Dynamic(ATR/Proxy)",
          "TP=Fib38.2",
          "Invalid=GeometryOrRR"
        ],
        "Status": "Invalid",
        "Stop": 21.84,
        "TP": 22.82
      },
      {
        "Confidence (Tech)": "\u2013",
        "Entry": 18.83,
        "Name": "Pullback",
        "RR": 0.6834170854271377,
        "ReasonTags": [
          "EntryAnchor=MA200",
          "StopRef=FibL_61.8",
          "VolRatio=1.18",
          "Buffer=Dynamic(ATR/Proxy)",
          "TP=Fib50.0",
          "Invalid=GeometryOrRR"
        ],
        "Status": "Invalid",
        "Stop": 16.84,
        "TP": 20.19
      },
      {
        "Confidence (Tech)": "\u2013",
        "Entry": 18.83,
        "Name": "MeanRev",
        "RR": 0.6834170854271377,
        "ReasonTags": [
          "EntryAnchor=MA200",
          "StopRef=FibL_61.8",
          "TPRef=FibL_50.0",
          "VolRatio=1.18",
          "Buffer=Dynamic(ATR/Proxy)",
          "Invalid=GeometryOrRR"
        ],
        "Status": "Invalid",
        "Stop": 16.84,
        "TP": 20.19
      },
      {
        "Confidence (Tech)": "Medium",
        "Entry": 20.23,
        "Name": "Reclaim",
        "RR": 3.453333333333333,
        "ReasonTags": [
          "EntryAnchor=FibL_50.0",
          "StopRef=FibL_50.0",
          "TP=Fib38.2",
          "VolRatio=1.18",
          "Buffer=Dynamic(ATR/Proxy)"
        ],
        "Status": "Watch",
        "Stop": 19.48,
        "TP": 22.82
      },
      {
        "Confidence (Tech)": "\u2013",
        "Entry": NaN,
        "Name": "Defensive",
        "RR": NaN,
        "ReasonTags": [
          "Defensive=NoTrade"
        ],
        "Status": "Watch",
        "Stop": NaN,
        "TP": NaN
      }
    ],
    "_schema_version": "1.0"
  },
  "DashboardSummaryPack": {
    "CurrentStatusCard": {
      "close_px": 19.05,
      "conviction": 8.0,
      "data_quality": {
        "error_count": 0,
        "issues": [],
        "schema": "DataQualityPack.v1",
        "warn_count": 0
      },
      "decision": {
        "action": "WAIT",
        "constraint0": "",
        "mode": "FLAT",
        "pnl_pct": NaN,
        "position_size_pct_nav": NaN,
        "stop_suggest": 19.48,
        "trim_pct_of_position": NaN,
        "urgency": "MED"
      },
      "gate_line": "Gate: \u2013 | Plan: RECLAIM (WATCH) | PlanCompleteness: PASS",
      "gate_status": "",
      "insight_line": "C\u01a1 h\u1ed9i trung t\u00ednh nh\u01b0ng \u0111\u1ed9 tin c\u1eady kh\u00e1 t\u1ed1t; \u01b0u ti\u00ean plan k\u1ef7 lu\u1eadt, tr\u00e1nh FOMO.",
      "master_total": 5.9,
      "next_step": "Ch\u1edd breakout x\u00e1c nh\u1eadn/follow-through; tr\u00e1nh v\u00e0o s\u1edbm khi l\u1ef1c ch\u01b0a r\u00f5.",
      "plan_reason": {
        "code": "VOLUME_NEED_CONFIRM",
        "label": "Ch\u01b0a c\u00f3 volume x\u00e1c nh\u1eadn; \u01b0u ti\u00ean ch\u1edd t\u0103ng x\u00e1c su\u1ea5t.",
        "ui_short": "Ch\u1edd volume"
      },
      "plan_status": "WATCH",
      "policy_hint_line": "RR>=2.5 | Size<=50% | Overnight: Avoid",
      "relative_strength_vs_vnindex": "InLine",
      "risk_flags": [
        "[TrendConflict] Xung \u0111\u1ed9t Fib short vs long (\u01b0u ti\u00ean lu\u1eadt c\u1ea5u tr\u00fac)"
      ],
      "scenario_name": "S5 \u2013 Range + Momentum Aligned",
      "setup_name": "RECLAIM",
      "state_capsule_line": "Mixed/Choppy | Above MA200 | Vol: Normal",
      "stock_chg_pct": 1.3297872340425532,
      "structure_snapshot": {
        "fib_conflict": true,
        "fib_long_band": "Between38.2_61.8",
        "fib_short_band": "Below38.2",
        "ma_regime": "MixedStructure",
        "macd_state": "MACD_Below_Signal",
        "macd_zero": "Below",
        "rsi_direction": "Rising",
        "rsi_macd_alignment": "RSI_Below30",
        "rsi_state": "ZoneBelow30",
        "vol_ratio": 1.1803926921374712
      },
      "ticker": "CII",
      "triggers": {
        "breakout": "WAIT",
        "rr": "PASS",
        "structure": "PASS",
        "volume": "WAIT"
      }
    },
    "schema": "DashboardSummaryPack.v1"
  },
  "DecisionPack": {
    "Flags": {},
    "Weakness": [],
    "action": "WAIT",
    "allocation": {
      "max_size_pct_nav": null,
      "notes": "-",
      "target_size_pct_nav": null
    },
    "constraints": [],
    "in_profit": false,
    "mode": "FLAT",
    "pnl_pct": NaN,
    "rationale": "Ch\u01b0a \u0111\u1ee7 \u0111i\u1ec1u ki\u1ec7n cho mua m\u1edbi; \u01b0u ti\u00ean ch\u1edd th\u00eam x\u00e1c nh\u1eadn (\u0111\u1eb7c bi\u1ec7t l\u00e0 Structure/Volume).",
    "schema": "DecisionPack.v1",
    "urgency": "MED"
  },
  "Modules": {
    "character": {
      "ActionTags": [
        "Use LongStructure_ShortTactical rule"
      ],
      "AdjustedStats": {
        "MomentumAdj": 4.587142857142857,
        "ReliabilityAdj": 5.871197170781702,
        "StabilityAdj": 4.596,
        "TrendAdj": 5.47
      },
      "CharacterClass": "Event / Gap-Prone",
      "Class": {
        "Name": "Event / Gap-Prone"
      },
      "ClassName": "Event / Gap-Prone",
      "CombatStats": {
        "BreakoutForce": 6.6,
        "DownsideRisk": 7.5,
        "RREfficiency": 9.5,
        "SupportResilience": 3.4000000000000004,
        "UpsidePower": 7.5,
        "UpsideQuality": 8.146830579580064,
        "UpsideRoom": 7.5
      },
      "Conviction": {
        "Points": 1.5,
        "SizeGuidance": "No edge \u2014 \u0111\u1ee9ng ngo\u00e0i",
        "Tier": 1
      },
      "CoreStats": {
        "Liquidity": 6.0,
        "Momentum": 4.3,
        "Reliability": 5.25,
        "Stability": 6.0,
        "Trend": 4.75
      },
      "Flags": [
        {
          "code": "NearMinorResistance",
          "note": "C\u1ea3n ng\u1eafn h\u1ea1n g\u1ea7n (tactical)",
          "severity": 1
        },
        {
          "code": "TrendConflict",
          "note": "Xung \u0111\u1ed9t Fib short vs long (\u01b0u ti\u00ean lu\u1eadt c\u1ea5u tr\u00fac)",
          "severity": 2
        }
      ],
      "Meta": {
        "ATR14": 1.1928571428571433,
        "Close": 19.05,
        "ConfidenceTech": "Medium",
        "DenomUsed": "ATR14",
        "DownsideNorm": 0.18809778170119826,
        "DownsideRaw": 0.22385000000000232,
        "LevelCtxKeys": "",
        "LevelCtxSource": "Local.Infer",
        "NearestRes": 21.785,
        "NearestSup": 18.82615,
        "RR": 12.218003127093906,
        "UpsideNorm": 2.298179285024667,
        "UpsideQualityMult": 1.0862440772773418,
        "UpsideRaw": 2.7349999999999994,
        "VolProxy": 0.7062499999999998
      },
      "Notes": {},
      "Risks": {},
      "StockTraits": {
        "BreakoutQuality": 6.357142857142857,
        "Confidence": {
          "BreakoutQuality": 1.0
        },
        "DNA": {
          "Groups": {
            "BehaviorSetup": [
              "BreakoutQuality",
              "MeanReversionWhipsaw",
              "AutoCorrMomentum"
            ],
            "DrawdownRecovery": [
              "MaxDrawdownRisk",
              "RecoverySlownessRisk",
              "DrawdownFrequencyRisk"
            ],
            "LiquidityTradability": [
              "LiquidityTradability",
              "LiquidityLevel",
              "LiquidityConsistency"
            ],
            "TrendStructure": [
              "TrendIntegrity",
              "TrendPersistence",
              "TrendChurnControl"
            ],
            "VolatilityTail": [
              "VolRisk",
              "TailGapRisk",
              "VolOfVolRisk"
            ]
          },
          "Params": {
            "AutoCorrMomentum": 6.0,
            "BreakoutQuality": 6.357142857142857,
            "DrawdownFrequencyRisk": 6.0,
            "LiquidityConsistency": 2.0507655116841264,
            "LiquidityLevel": 9.057211925866236,
            "LiquidityTradability": 7.550452613657041,
            "MaxDrawdownRisk": 10.0,
            "MeanReversionWhipsaw": 4.3,
            "RecoverySlownessRisk": 4.0,
            "TailGapRisk": 8.0,
            "TrendChurnControl": 8.0,
            "TrendIntegrity": 7.999999999999999,
            "TrendPersistence": 6.0,
            "VolOfVolRisk": 8.0,
            "VolRisk": 8.7
          },
          "StyleHybrid": {
            "DisabledReason": "HardFilter",
            "Enabled": false,
            "NearBoundary": false,
            "NearThreshold": 0.86,
            "Primary": "Trend",
            "RunnerUp2": {
              "Score": 6.026142857142856,
              "Style": "Momentum"
            },
            "RunnerUp3": {
              "Score": 4.3,
              "Style": "Range"
            },
            "ScoreGap12": 2.5738571428571433,
            "Scores": {
              "Momentum": 6.026142857142856,
              "Range": 4.3,
              "Trend": 8.6
            },
            "TiltStrength": "-",
            "TiltTo": "-",
            "Version": "StyleHybrid_v1.0"
          },
          "Tier1": {
            "ClassLockFlag": true,
            "DNAConfidence": 30.0,
            "Modifiers": [
              "GAP",
              "HIVOL",
              "CHOPVOL"
            ],
            "PrimaryModifier": "GAP",
            "RiskRegime": "High",
            "RiskScore": 7.675,
            "StyleAxis": "Trend",
            "StyleHybrid": {
              "DisabledReason": "HardFilter",
              "Enabled": false,
              "NearBoundary": false,
              "NearThreshold": 0.86,
              "Primary": "Trend",
              "RunnerUp2": {
                "Score": 6.026142857142856,
                "Style": "Momentum"
              },
              "RunnerUp3": {
                "Score": 4.3,
                "Style": "Range"
              },
              "ScoreGap12": 2.5738571428571433,
              "Scores": {
                "Momentum": 6.026142857142856,
                "Range": 4.3,
                "Trend": 8.6
              },
              "TiltStrength": "-",
              "TiltTo": "-",
              "Version": "StyleHybrid_v1.0"
            }
          }
        },
        "LiquidityTradability": 7.550452613657041,
        "MeanReversionWhipsaw": 4.3,
        "Raw": {
          "ADXMedian": 28.00680464007668,
          "ATRpct": 6.261717285339334,
          "Amihud20": 6.7004789208278e-11,
          "AutoCorr1": 0.04685396080319597,
          "AutocorrMean": 0.062145918713610374,
          "CrashClusters": 10.0,
          "CrossChurn": 6.0,
          "DollarVolMedian20": 366372982.5,
          "DrawdownEpisodesPerYear": 1.8,
          "ES5AbsPct": 6.756816162803927,
          "FalseBreakRate": 0.5,
          "FollowThroughRate": 0.8571428571428571,
          "GapFreq": 0.18253968253968253,
          "HalfLife": 9.3267429613746,
          "LeftTailFreq": 0.047619047619047616,
          "MAStackConsistency": 0.623015873015873,
          "MaxDrawdownAbsPct": 81.43779212107724,
          "PctAboveMA200": 0.5575396825396826,
          "RangeExpansionRate": 0.4666666666666667,
          "RealizedVol": 51.84318947169889,
          "RealizedVolPct": 51.84318947169889,
          "RecoveryDaysMedian": 32.0,
          "RetestSuccessRate": 0.35714285714285715,
          "TRExpansionRate": 0.4666666666666667,
          "TrendFlipRatePerYear": 5.5,
          "VarianceRatio": 1.575882064012236,
          "VolOfVol": 16.931593076814284,
          "VolumeCV20": 0.5100332089419771
        },
        "TailGapRisk": 8.0,
        "TrendIntegrity": 7.999999999999999,
        "VolRisk": 8.7
      },
      "StructureQuality": {
        "Gates": {
          "CeilingGate": {
            "DistancePct": 2.362204724409445,
            "Horizon": "TACTICAL",
            "NearestLevelPrice": 19.5,
            "Reason": "Ceiling manageable",
            "Status": "PASS",
            "Tier": "LIGHT"
          }
        },
        "Meta": {
          "NearThresholdPct": 2.5,
          "Price": 19.05,
          "VolPct_ATRProxy": 3.707349081364828,
          "ZoneWidthPct": 2.0
        },
        "OverheadResistance": {
          "Nearest": {
            "Center": 19.5,
            "ComponentsTop": [
              {
                "DistPct": 2.362204724409445,
                "Horizon": "TACTICAL",
                "Price": 19.5,
                "Type": "DAILY_SWING_LOW",
                "Weight": 2.5
              }
            ],
            "ConfluenceCount": 1,
            "DistancePct": 2.362204724409445,
            "Horizon": "TACTICAL",
            "QualityScore": 3.0,
            "Tier": "LIGHT",
            "Zone": {
              "High": 19.5,
              "Low": 19.5
            }
          }
        },
        "UnderlyingSupport": {
          "Nearest": {
            "Center": 18.82615,
            "ComponentsTop": [
              {
                "DistPct": -1.1750656167979123,
                "Horizon": "STRUCTURAL",
                "Price": 18.82615,
                "Type": "MA200",
                "Weight": 4.0
              }
            ],
            "ConfluenceCount": 1,
            "DistancePct": 1.1750656167979123,
            "Horizon": "STRUCTURAL",
            "QualityScore": 4.8,
            "Tier": "MED",
            "Zone": {
              "High": 18.82615,
              "Low": 18.82615
            }
          }
        }
      },
      "StyleHybrid": {
        "DisabledReason": "HardFilter",
        "Enabled": false,
        "NearBoundary": false,
        "NearThreshold": 0.86,
        "Primary": "Trend",
        "RunnerUp2": {
          "Score": 6.026142857142856,
          "Style": "Momentum"
        },
        "RunnerUp3": {
          "Score": 4.3,
          "Style": "Range"
        },
        "ScoreGap12": 2.5738571428571433,
        "Scores": {
          "Momentum": 6.026142857142856,
          "Range": 4.3,
          "Trend": 8.6
        },
        "TiltStrength": "-",
        "TiltTo": "-",
        "Version": "StyleHybrid_v1.0"
      },
      "TradePlanPack": {
        "Plans": [],
        "clear_winner": false,
        "clear_winner_reason": "CW_NONE",
        "clear_winner_thresholds": {
          "abs_gap_floor": 1.0,
          "gap_min": 1.2,
          "rel_gap_min": 0.15,
          "score1_min": 8.0
        },
        "display_mode": "TOP2",
        "explain": "TradePlanBuilder: candidate plans are scored by (DNA priors + contextual status + RR + execution). Policy hint applied.",
        "force_top2": true,
        "force_top2_reason": "CW_BLOCK_RISK_HIGH",
        "holding_overlay": {
          "distress_level": "-",
          "pnl_pct": NaN
        },
        "mode": "FLAT",
        "plan_alt": {
          "defensive_hard_stop": 16.84,
          "defensive_reclaim": 20.23,
          "defensive_reclaim_level": 20.23,
          "defensive_reclaim_zone": {
            "High": 20.38,
            "Low": 20.080000000000002
          },
          "entry_zone": {
            "High": NaN,
            "Low": NaN
          },
          "fail_reasons": [],
          "gates": {
            "breakout": "PASS",
            "exec": "PASS",
            "plan": "PASS",
            "rr": "PASS",
            "structure": "PASS",
            "trigger": "PASS",
            "volume": "PASS"
          },
          "invalidation": "Invalidation: th\u1ee7ng stop/\u0111\u00f3ng c\u1eeda d\u01b0\u1edbi v\u00f9ng c\u1ea5u tr\u00fac neo stop.",
          "management_rules": [
            "\u01afu ti\u00ean \u0111\u1ee9ng ngo\u00e0i ho\u1eb7c gi\u1ea3m r\u1ee7i ro khi c\u1ea5u tr\u00fac/volume ch\u01b0a x\u00e1c nh\u1eadn.",
            "Ch\u1ec9 chuy\u1ec3n sang plan ch\u1ee7 \u0111\u1ed9ng khi Structure/Volume/Trigger c\u1ea3i thi\u1ec7n."
          ],
          "notes_short": "Scenario: S5 \u2013 Range + Momentum Aligned | Setup: Defensive",
          "plan_completeness": {
            "message": "-",
            "missing": [],
            "status": "PASS"
          },
          "rank_score": 5.672,
          "rr_actual": NaN,
          "rr_display": "-",
          "rr_min": 1.5,
          "state": "WATCH",
          "stop": NaN,
          "tp1": NaN,
          "tp2": NaN,
          "type": "DEFENSIVE"
        },
        "plan_completeness": {
          "message": "-",
          "missing": [],
          "status": "PASS"
        },
        "plan_primary": {
          "entry_zone": {
            "High": 20.38,
            "Low": 20.080000000000002
          },
          "fail_reasons": [
            {
              "code": "VOLUME_NEED_CONFIRM",
              "label": "Ch\u01b0a c\u00f3 volume x\u00e1c nh\u1eadn; \u01b0u ti\u00ean ch\u1edd t\u0103ng x\u00e1c su\u1ea5t.",
              "severity": 1,
              "ui_short": "Ch\u1edd volume"
            },
            {
              "code": "TRIGGER_NOT_READY",
              "label": "Trigger ch\u01b0a k\u00edch ho\u1ea1t; \u01b0u ti\u00ean ch\u1edd x\u00e1c nh\u1eadn.",
              "severity": 1,
              "ui_short": "Ch\u1edd trigger"
            }
          ],
          "gates": {
            "breakout": "WAIT",
            "exec": "PASS",
            "plan": "PASS",
            "rr": "PASS",
            "structure": "PASS",
            "trigger": "WAIT",
            "volume": "WAIT"
          },
          "invalidation": "Invalidation: th\u1ee7ng stop/\u0111\u00f3ng c\u1eeda d\u01b0\u1edbi v\u00f9ng c\u1ea5u tr\u00fac neo stop.",
          "management_rules": [
            "Ch\u1edd reclaim m\u1ed1c c\u1ea5u tr\u00fac (gi\u00e1 l\u1ea5y l\u1ea1i kh\u00e1ng c\u1ef1 v\u00e0 gi\u1eef \u0111\u01b0\u1ee3c).",
            "Stop: d\u01b0\u1edbi m\u1ed1c reclaim + buffer (\u0111\u1ed9ng).",
            "N\u1ebfu reclaim fail \u2192 gi\u1ea3m/tho\u00e1t nhanh."
          ],
          "notes_short": "Scenario: S5 \u2013 Range + Momentum Aligned | Setup: Reclaim",
          "plan_completeness": {
            "message": "-",
            "missing": [],
            "status": "PASS"
          },
          "rank_score": 6.672000000000001,
          "rr_actual": 3.453333333333333,
          "rr_display": "3.5",
          "rr_min": 1.5,
          "state": "WATCH",
          "stop": 19.48,
          "tp1": 22.82,
          "tp2": 24.374000000000002,
          "type": "RECLAIM"
        },
        "plans_all": [
          {
            "entry_zone": {
              "High": 20.38,
              "Low": 20.080000000000002
            },
            "fail_reasons": [
              {
                "code": "VOLUME_NEED_CONFIRM",
                "label": "Ch\u01b0a c\u00f3 volume x\u00e1c nh\u1eadn; \u01b0u ti\u00ean ch\u1edd t\u0103ng x\u00e1c su\u1ea5t.",
                "severity": 1,
                "ui_short": "Ch\u1edd volume"
              },
              {
                "code": "TRIGGER_NOT_READY",
                "label": "Trigger ch\u01b0a k\u00edch ho\u1ea1t; \u01b0u ti\u00ean ch\u1edd x\u00e1c nh\u1eadn.",
                "severity": 1,
                "ui_short": "Ch\u1edd trigger"
              }
            ],
            "gates": {
              "breakout": "WAIT",
              "exec": "PASS",
              "plan": "PASS",
              "rr": "PASS",
              "structure": "PASS",
              "trigger": "WAIT",
              "volume": "WAIT"
            },
            "invalidation": "Invalidation: th\u1ee7ng stop/\u0111\u00f3ng c\u1eeda d\u01b0\u1edbi v\u00f9ng c\u1ea5u tr\u00fac neo stop.",
            "management_rules": [
              "Ch\u1edd reclaim m\u1ed1c c\u1ea5u tr\u00fac (gi\u00e1 l\u1ea5y l\u1ea1i kh\u00e1ng c\u1ef1 v\u00e0 gi\u1eef \u0111\u01b0\u1ee3c).",
              "Stop: d\u01b0\u1edbi m\u1ed1c reclaim + buffer (\u0111\u1ed9ng).",
              "N\u1ebfu reclaim fail \u2192 gi\u1ea3m/tho\u00e1t nhanh."
            ],
            "notes_short": "Scenario: S5 \u2013 Range + Momentum Aligned | Setup: Reclaim",
            "plan_completeness": {
              "message": "-",
              "missing": [],
              "status": "PASS"
            },
            "rank_score": 6.672000000000001,
            "rr_actual": 3.453333333333333,
            "rr_display": "3.5",
            "rr_min": 1.5,
            "state": "WATCH",
            "stop": 19.48,
            "tp1": 22.82,
            "tp2": 24.374000000000002,
            "type": "RECLAIM"
          },
          {
            "defensive_hard_stop": 16.84,
            "defensive_reclaim": 20.23,
            "defensive_reclaim_level": 20.23,
            "defensive_reclaim_zone": {
              "High": 20.38,
              "Low": 20.080000000000002
            },
            "entry_zone": {
              "High": NaN,
              "Low": NaN
            },
            "fail_reasons": [],
            "gates": {
              "breakout": "PASS",
              "exec": "PASS",
              "plan": "PASS",
              "rr": "PASS",
              "structure": "PASS",
              "trigger": "PASS",
              "volume": "PASS"
            },
            "invalidation": "Invalidation: th\u1ee7ng stop/\u0111\u00f3ng c\u1eeda d\u01b0\u1edbi v\u00f9ng c\u1ea5u tr\u00fac neo stop.",
            "management_rules": [
              "\u01afu ti\u00ean \u0111\u1ee9ng ngo\u00e0i ho\u1eb7c gi\u1ea3m r\u1ee7i ro khi c\u1ea5u tr\u00fac/volume ch\u01b0a x\u00e1c nh\u1eadn.",
              "Ch\u1ec9 chuy\u1ec3n sang plan ch\u1ee7 \u0111\u1ed9ng khi Structure/Volume/Trigger c\u1ea3i thi\u1ec7n."
            ],
            "notes_short": "Scenario: S5 \u2013 Range + Momentum Aligned | Setup: Defensive",
            "plan_completeness": {
              "message": "-",
              "missing": [],
              "status": "PASS"
            },
            "rank_score": 5.672,
            "rr_actual": NaN,
            "rr_display": "-",
            "rr_min": 1.5,
            "state": "WATCH",
            "stop": NaN,
            "tp1": NaN,
            "tp2": NaN,
            "type": "DEFENSIVE"
          },
          {
            "entry_zone": {
              "High": 19.227999999999998,
              "Low": 18.432
            },
            "fail_reasons": [
              {
                "code": "RR_BELOW_MIN",
                "label": "R:R d\u01b0\u1edbi m\u1ee9c t\u1ed1i thi\u1ec3u theo policy; c\u1ea7n \u0111i\u1ec3m v\u00e0o t\u1ed1t h\u01a1n ho\u1eb7c stop h\u1ee3p l\u00fd h\u01a1n.",
                "severity": 2,
                "ui_short": "RR th\u1ea5p"
              },
              {
                "code": "TRIGGER_INVALID",
                "label": "Trigger b\u1ecb invalid theo setup; kh\u00f4ng tri\u1ec3n khai plan n\u00e0y.",
                "severity": 2,
                "ui_short": "Trigger invalid"
              }
            ],
            "gates": {
              "breakout": "PASS",
              "exec": "PASS",
              "plan": "PASS",
              "rr": "FAIL",
              "structure": "PASS",
              "trigger": "FAIL",
              "volume": "PASS"
            },
            "invalidation": "Invalidation: th\u1ee7ng stop/\u0111\u00f3ng c\u1eeda d\u01b0\u1edbi v\u00f9ng c\u1ea5u tr\u00fac neo stop.",
            "management_rules": [
              "\u01afu ti\u00ean h\u1ed3i v\u1ec1 h\u1ed7 tr\u1ee3 (MA/Fib) r\u1ed3i m\u1edbi v\u00e0o; tr\u00e1nh mua \u0111u\u1ed5i.",
              "Stop: d\u01b0\u1edbi h\u1ed7 tr\u1ee3 neo + buffer (\u0111\u1ed9ng).",
              "Khi h\u1ed3i l\u00ean kh\u00e1ng c\u1ef1 g\u1ea7n, \u01b0u ti\u00ean ch\u1ed1t m\u1ed9t ph\u1ea7n/si\u1ebft stop."
            ],
            "notes_short": "Scenario: S5 \u2013 Range + Momentum Aligned | Setup: Pullback",
            "plan_completeness": {
              "message": "-",
              "missing": [],
              "status": "PASS"
            },
            "rank_score": 5.372000000000001,
            "rr_actual": 0.6834170854271377,
            "rr_display": "-",
            "rr_min": 1.5,
            "state": "WATCH",
            "stop": 16.84,
            "tp1": 20.19,
            "tp2": 21.006000000000004,
            "type": "PULLBACK"
          },
          {
            "entry_zone": {
              "High": 22.968,
              "Low": 22.592000000000002
            },
            "fail_reasons": [
              {
                "code": "RR_BELOW_MIN",
                "label": "R:R d\u01b0\u1edbi m\u1ee9c t\u1ed1i thi\u1ec3u theo policy; c\u1ea7n \u0111i\u1ec3m v\u00e0o t\u1ed1t h\u01a1n ho\u1eb7c stop h\u1ee3p l\u00fd h\u01a1n.",
                "severity": 2,
                "ui_short": "RR th\u1ea5p"
              },
              {
                "code": "TRIGGER_INVALID",
                "label": "Trigger b\u1ecb invalid theo setup; kh\u00f4ng tri\u1ec3n khai plan n\u00e0y.",
                "severity": 2,
                "ui_short": "Trigger invalid"
              },
              {
                "code": "VOLUME_NEED_CONFIRM",
                "label": "Ch\u01b0a c\u00f3 volume x\u00e1c nh\u1eadn; \u01b0u ti\u00ean ch\u1edd t\u0103ng x\u00e1c su\u1ea5t.",
                "severity": 1,
                "ui_short": "Ch\u1edd volume"
              }
            ],
            "gates": {
              "breakout": "WAIT",
              "exec": "PASS",
              "plan": "PASS",
              "rr": "FAIL",
              "structure": "PASS",
              "trigger": "FAIL",
              "volume": "WAIT"
            },
            "invalidation": "Invalidation: th\u1ee7ng stop/\u0111\u00f3ng c\u1eeda d\u01b0\u1edbi v\u00f9ng c\u1ea5u tr\u00fac neo stop.",
            "management_rules": [
              "Entry ch\u1ec9 khi gi\u00e1 v\u01b0\u1ee3t v\u00f9ng kh\u00e1ng c\u1ef1 v\u00e0 c\u00f3 follow-through.",
              "Stop: d\u01b0\u1edbi v\u00f9ng breakout + buffer (\u0111\u1ed9ng theo ATR/vol proxy).",
              "N\u1ebfu breakout fail (\u0111\u00f3ng c\u1eeda l\u1ea1i d\u01b0\u1edbi v\u00f9ng), \u01b0u ti\u00ean tho\u00e1t/gi\u1ea3m."
            ],
            "notes_short": "Scenario: S5 \u2013 Range + Momentum Aligned | Setup: Breakout",
            "plan_completeness": {
              "message": "-",
              "missing": [],
              "status": "PASS"
            },
            "rank_score": 5.0360000000000005,
            "rr_actual": 0.04255319148936074,
            "rr_display": "-",
            "rr_min": 1.5,
            "state": "WATCH",
            "stop": 21.84,
            "tp1": 22.82,
            "tp2": 22.844,
            "type": "BREAKOUT"
          },
          {
            "entry_zone": {
              "High": 19.227999999999998,
              "Low": 18.432
            },
            "fail_reasons": [
              {
                "code": "RR_BELOW_MIN",
                "label": "R:R d\u01b0\u1edbi m\u1ee9c t\u1ed1i thi\u1ec3u theo policy; c\u1ea7n \u0111i\u1ec3m v\u00e0o t\u1ed1t h\u01a1n ho\u1eb7c stop h\u1ee3p l\u00fd h\u01a1n.",
                "severity": 2,
                "ui_short": "RR th\u1ea5p"
              },
              {
                "code": "TRIGGER_INVALID",
                "label": "Trigger b\u1ecb invalid theo setup; kh\u00f4ng tri\u1ec3n khai plan n\u00e0y.",
                "severity": 2,
                "ui_short": "Trigger invalid"
              },
              {
                "code": "VOLUME_NEED_CONFIRM",
                "label": "Ch\u01b0a c\u00f3 volume x\u00e1c nh\u1eadn; \u01b0u ti\u00ean ch\u1edd t\u0103ng x\u00e1c su\u1ea5t.",
                "severity": 1,
                "ui_short": "Ch\u1edd volume"
              }
            ],
            "gates": {
              "breakout": "PASS",
              "exec": "PASS",
              "plan": "PASS",
              "rr": "FAIL",
              "structure": "PASS",
              "trigger": "FAIL",
              "volume": "WAIT"
            },
            "invalidation": "Invalidation: th\u1ee7ng stop/\u0111\u00f3ng c\u1eeda d\u01b0\u1edbi v\u00f9ng c\u1ea5u tr\u00fac neo stop.",
            "management_rules": [
              "Ch\u1ec9 tri\u1ec3n khai khi c\u00f3 range r\u00f5; \u01b0u ti\u00ean v\u00e0o g\u1ea7n h\u1ed7 tr\u1ee3 v\u00e0 tho\u00e1t g\u1ea7n kh\u00e1ng c\u1ef1.",
              "Stop: d\u01b0\u1edbi h\u1ed7 tr\u1ee3 neo + buffer (\u0111\u1ed9ng).",
              "Kh\u00f4ng \u0111u\u1ed5i theo breakout trong regime range n\u1ebfu ch\u01b0a c\u00f3 x\u00e1c nh\u1eadn."
            ],
            "notes_short": "Scenario: S5 \u2013 Range + Momentum Aligned | Setup: MeanRev",
            "plan_completeness": {
              "message": "-",
              "missing": [],
              "status": "PASS"
            },
            "rank_score": 4.196000000000001,
            "rr_actual": 0.6834170854271377,
            "rr_display": "-",
            "rr_min": 1.5,
            "state": "WATCH",
            "stop": 16.84,
            "tp1": 20.19,
            "tp2": 21.006000000000004,
            "type": "MEAN_REV"
          }
        ],
        "plans_display": [
          {
            "entry_zone": {
              "High": 20.38,
              "Low": 20.080000000000002
            },
            "fail_reasons": [
              {
                "code": "VOLUME_NEED_CONFIRM",
                "label": "Ch\u01b0a c\u00f3 volume x\u00e1c nh\u1eadn; \u01b0u ti\u00ean ch\u1edd t\u0103ng x\u00e1c su\u1ea5t.",
                "severity": 1,
                "ui_short": "Ch\u1edd volume"
              },
              {
                "code": "TRIGGER_NOT_READY",
                "label": "Trigger ch\u01b0a k\u00edch ho\u1ea1t; \u01b0u ti\u00ean ch\u1edd x\u00e1c nh\u1eadn.",
                "severity": 1,
                "ui_short": "Ch\u1edd trigger"
              }
            ],
            "gates": {
              "breakout": "WAIT",
              "exec": "PASS",
              "plan": "PASS",
              "rr": "PASS",
              "structure": "PASS",
              "trigger": "WAIT",
              "volume": "WAIT"
            },
            "invalidation": "Invalidation: th\u1ee7ng stop/\u0111\u00f3ng c\u1eeda d\u01b0\u1edbi v\u00f9ng c\u1ea5u tr\u00fac neo stop.",
            "management_rules": [
              "Ch\u1edd reclaim m\u1ed1c c\u1ea5u tr\u00fac (gi\u00e1 l\u1ea5y l\u1ea1i kh\u00e1ng c\u1ef1 v\u00e0 gi\u1eef \u0111\u01b0\u1ee3c).",
              "Stop: d\u01b0\u1edbi m\u1ed1c reclaim + buffer (\u0111\u1ed9ng).",
              "N\u1ebfu reclaim fail \u2192 gi\u1ea3m/tho\u00e1t nhanh."
            ],
            "notes_short": "Scenario: S5 \u2013 Range + Momentum Aligned | Setup: Reclaim",
            "plan_completeness": {
              "message": "-",
              "missing": [],
              "status": "PASS"
            },
            "rank_score": 6.672000000000001,
            "rr_actual": 3.453333333333333,
            "rr_display": "3.5",
            "rr_min": 1.5,
            "state": "WATCH",
            "stop": 19.48,
            "tp1": 22.82,
            "tp2": 24.374000000000002,
            "type": "RECLAIM"
          },
          {
            "defensive_hard_stop": 16.84,
            "defensive_reclaim": 20.23,
            "defensive_reclaim_level": 20.23,
            "defensive_reclaim_zone": {
              "High": 20.38,
              "Low": 20.080000000000002
            },
            "entry_zone": {
              "High": NaN,
              "Low": NaN
            },
            "fail_reasons": [],
            "gates": {
              "breakout": "PASS",
              "exec": "PASS",
              "plan": "PASS",
              "rr": "PASS",
              "structure": "PASS",
              "trigger": "PASS",
              "volume": "PASS"
            },
            "invalidation": "Invalidation: th\u1ee7ng stop/\u0111\u00f3ng c\u1eeda d\u01b0\u1edbi v\u00f9ng c\u1ea5u tr\u00fac neo stop.",
            "management_rules": [
              "\u01afu ti\u00ean \u0111\u1ee9ng ngo\u00e0i ho\u1eb7c gi\u1ea3m r\u1ee7i ro khi c\u1ea5u tr\u00fac/volume ch\u01b0a x\u00e1c nh\u1eadn.",
              "Ch\u1ec9 chuy\u1ec3n sang plan ch\u1ee7 \u0111\u1ed9ng khi Structure/Volume/Trigger c\u1ea3i thi\u1ec7n."
            ],
            "notes_short": "Scenario: S5 \u2013 Range + Momentum Aligned | Setup: Defensive",
            "plan_completeness": {
              "message": "-",
              "missing": [],
              "status": "PASS"
            },
            "rank_score": 5.672,
            "rr_actual": NaN,
            "rr_display": "-",
            "rr_min": 1.5,
            "state": "WATCH",
            "stop": NaN,
            "tp1": NaN,
            "tp2": NaN,
            "type": "DEFENSIVE"
          }
        ],
        "policy_hint_line": "RR>=2.5 | Size<=50% | Overnight: Avoid",
        "schema": "TradePlanPack.v1"
      },
      "Traits": {}
    }
  },
  "NarrativeDraftPack": {
    "anchor": {
      "phrase": "C\u1ed5 phi\u1ebfu v\u1eadn \u0111\u1ed9ng theo xu h\u01b0\u1edbng; \u01b0u ti\u00ean k\u1ef7 lu\u1eadt h\u01a1n l\u00e0 ph\u1ea3n \u1ee9ng ng\u1eafn h\u1ea1n.",
      "regime": "Trend"
    },
    "comms_policy": {
      "empathy_allowed": false,
      "max_numbers_per_sentence": 2,
      "no_slogans": true
    },
    "dna": {
      "banned_words": [
        "\u0111ang",
        "hi\u1ec7n t\u1ea1i",
        "t\u00edn hi\u1ec7u",
        "h\u00f4m nay"
      ],
      "facts": {
        "class_primary": "Event / Gap-Prone",
        "discipline_rule": "\u01b0u ti\u00ean tham gia khi c\u00f3 x\u00e1c nh\u1eadn; lu\u00f4n \u0111\u1eb7t m\u1ed1c b\u1ea3o v\u1ec7 v\u00e0 qu\u1ea3n tr\u1ecb t\u1ef7 tr\u1ecdng ch\u1eb7t, \u0111\u1eb7c bi\u1ec7t v\u1edbi r\u1ee7i ro qua \u0111\u00eam; \u01b0u ti\u00ean gi\u1ea3m quy m\u00f4 v\u00e0 h\u1ea1n ch\u1ebf \u0111\u00f2n b\u1ea9y",
        "dna_mapping": "c\u1ed5 phi\u1ebfu nh\u1ea1y tin, d\u1ec5 nh\u1ea3y gi\u00e1",
        "edge": "th\u01b0\u1eddng m\u1edf bi\u00ean l\u1ee3i nhu\u1eadn m\u1ea1nh khi catalyst r\u00f5 r\u00e0ng",
        "modifiers": [
          "GAP",
          "HIVOL",
          "CHOPVOL"
        ],
        "risk_regime": "High",
        "source": "DNAPack",
        "style_primary": "Trend",
        "ticker": "CII",
        "variant": "B"
      },
      "forbid_tokens": [
        "masterscore",
        "conviction",
        "\u0111i\u1ec3m t\u1ed5ng h\u1ee3p",
        "\u0111i\u1ec3m tin c\u1eady",
        "ms",
        "cv"
      ],
      "line_draft": "CII l\u00e0 ki\u1ec3u c\u1ed5 phi\u1ebfu nh\u1ea1y tin, d\u1ec5 nh\u1ea3y gi\u00e1; l\u1ee3i th\u1ebf n\u1eb1m \u1edf th\u01b0\u1eddng m\u1edf bi\u00ean l\u1ee3i nhu\u1eadn m\u1ea1nh khi catalyst r\u00f5 r\u00e0ng; \u0111\u1ed5i l\u1ea1i, \u0111i\u1ec1u ki\u1ec7n b\u1eaft bu\u1ed9c l\u00e0 \u01b0u ti\u00ean tham gia khi c\u00f3 x\u00e1c nh\u1eadn; lu\u00f4n \u0111\u1eb7t m\u1ed1c b\u1ea3o v\u1ec7 v\u00e0 qu\u1ea3n tr\u1ecb t\u1ef7 tr\u1ecdng ch\u1eb7t, \u0111\u1eb7c bi\u1ec7t v\u1edbi r\u1ee7i ro qua \u0111\u00eam; \u01b0u ti\u00ean gi\u1ea3m quy m\u00f4 v\u00e0 h\u1ea1n ch\u1ebf \u0111\u00f2n b\u1ea9y.",
      "max_numbers_per_sentence": 2,
      "variant_pref": "AUTO"
    },
    "plan": {
      "facts": {
        "blocker_code": "VOLUME_NEED_CONFIRM",
        "required_phrases": [
          "RR 3.5",
          "r\u1ee7i ro 3.7%"
        ],
        "risk_text": "3.7%",
        "rr_text": "3.5",
        "state": "WATCH",
        "type": "RECLAIM"
      },
      "forbid_price_levels": true,
      "line_draft": "Trade Plan \u01b0u ti\u00ean Reclaim (tr\u1ea1ng th\u00e1i WATCH), \u0111i\u1ec3m ngh\u1ebdn ch\u00ednh: VOLUME_NEED_CONFIRM. Tr\u1ecdng t\u00e2m k\u1ef7 lu\u1eadt: RR 3.5; r\u1ee7i ro 3.7%.",
      "max_numbers_per_sentence": 2,
      "max_sentences": 2
    },
    "schema": "NarrativeDraftPack.v1",
    "status": {
      "facts": {
        "ma200_context": "HEALTHY_PULLBACK",
        "momentum_context": "-",
        "risk_context": "HIGH",
        "structure_context": "INTACT",
        "volume_context": "NEUTRAL"
      },
      "line_draft": "C\u1ed5 phi\u1ebfu v\u1eadn \u0111\u1ed9ng theo xu h\u01b0\u1edbng; \u01b0u ti\u00ean k\u1ef7 lu\u1eadt h\u01a1n l\u00e0 ph\u1ea3n \u1ee9ng ng\u1eafn h\u1ea1n. tr\u00ean MA200 nh\u01b0ng \u0111ang \u0111i\u1ec1u ch\u1ec9nh l\u00e0nh m\u1ea1nh; c\u1ea5u tr\u00fac c\u00f2n gi\u1eef; d\u00f2ng ti\u1ec1n trung t\u00ednh. M\u1ee9c r\u1ee7i ro cao.",
      "max_numbers_per_sentence": 2,
      "max_sentences": 2
    }
  },
  "TradePlanPack": {
    "Plans": [],
    "clear_winner": false,
    "clear_winner_reason": "CW_NONE",
    "clear_winner_thresholds": {
      "abs_gap_floor": 1.0,
      "gap_min": 1.2,
      "rel_gap_min": 0.15,
      "score1_min": 8.0
    },
    "display_mode": "TOP2",
    "explain": "TradePlanBuilder: candidate plans are scored by (DNA priors + contextual status + RR + execution). Policy hint applied.",
    "force_top2": true,
    "force_top2_reason": "CW_BLOCK_RISK_HIGH",
    "holding_overlay": {
      "distress_level": "-",
      "pnl_pct": NaN
    },
    "mode": "FLAT",
    "plan_alt": {
      "defensive_hard_stop": 16.84,
      "defensive_reclaim": 20.23,
      "defensive_reclaim_level": 20.23,
      "defensive_reclaim_zone": {
        "High": 20.38,
        "Low": 20.080000000000002
      },
      "entry_zone": {
        "High": NaN,
        "Low": NaN
      },
      "fail_reasons": [],
      "gates": {
        "breakout": "PASS",
        "exec": "PASS",
        "plan": "PASS",
        "rr": "PASS",
        "structure": "PASS",
        "trigger": "PASS",
        "volume": "PASS"
      },
      "invalidation": "Invalidation: th\u1ee7ng stop/\u0111\u00f3ng c\u1eeda d\u01b0\u1edbi v\u00f9ng c\u1ea5u tr\u00fac neo stop.",
      "management_rules": [
        "\u01afu ti\u00ean \u0111\u1ee9ng ngo\u00e0i ho\u1eb7c gi\u1ea3m r\u1ee7i ro khi c\u1ea5u tr\u00fac/volume ch\u01b0a x\u00e1c nh\u1eadn.",
        "Ch\u1ec9 chuy\u1ec3n sang plan ch\u1ee7 \u0111\u1ed9ng khi Structure/Volume/Trigger c\u1ea3i thi\u1ec7n."
      ],
      "notes_short": "Scenario: S5 \u2013 Range + Momentum Aligned | Setup: Defensive",
      "plan_completeness": {
        "message": "-",
        "missing": [],
        "status": "PASS"
      },
      "rank_score": 5.672,
      "rr_actual": NaN,
      "rr_display": "-",
      "rr_min": 1.5,
      "state": "WATCH",
      "stop": NaN,
      "tp1": NaN,
      "tp2": NaN,
      "type": "DEFENSIVE"
    },
    "plan_completeness": {
      "message": "-",
      "missing": [],
      "status": "PASS"
    },
    "plan_primary": {
      "entry_zone": {
        "High": 20.38,
        "Low": 20.080000000000002
      },
      "fail_reasons": [
        {
          "code": "VOLUME_NEED_CONFIRM",
          "label": "Ch\u01b0a c\u00f3 volume x\u00e1c nh\u1eadn; \u01b0u ti\u00ean ch\u1edd t\u0103ng x\u00e1c su\u1ea5t.",
          "severity": 1,
          "ui_short": "Ch\u1edd volume"
        },
        {
          "code": "TRIGGER_NOT_READY",
          "label": "Trigger ch\u01b0a k\u00edch ho\u1ea1t; \u01b0u ti\u00ean ch\u1edd x\u00e1c nh\u1eadn.",
          "severity": 1,
          "ui_short": "Ch\u1edd trigger"
        }
      ],
      "gates": {
        "breakout": "WAIT",
        "exec": "PASS",
        "plan": "PASS",
        "rr": "PASS",
        "structure": "PASS",
        "trigger": "WAIT",
        "volume": "WAIT"
      },
      "invalidation": "Invalidation: th\u1ee7ng stop/\u0111\u00f3ng c\u1eeda d\u01b0\u1edbi v\u00f9ng c\u1ea5u tr\u00fac neo stop.",
      "management_rules": [
        "Ch\u1edd reclaim m\u1ed1c c\u1ea5u tr\u00fac (gi\u00e1 l\u1ea5y l\u1ea1i kh\u00e1ng c\u1ef1 v\u00e0 gi\u1eef \u0111\u01b0\u1ee3c).",
        "Stop: d\u01b0\u1edbi m\u1ed1c reclaim + buffer (\u0111\u1ed9ng).",
        "N\u1ebfu reclaim fail \u2192 gi\u1ea3m/tho\u00e1t nhanh."
      ],
      "notes_short": "Scenario: S5 \u2013 Range + Momentum Aligned | Setup: Reclaim",
      "plan_completeness": {
        "message": "-",
        "missing": [],
        "status": "PASS"
      },
      "rank_score": 6.672000000000001,
      "rr_actual": 3.453333333333333,
      "rr_display": "3.5",
      "rr_min": 1.5,
      "state": "WATCH",
      "stop": 19.48,
      "tp1": 22.82,
      "tp2": 24.374000000000002,
      "type": "RECLAIM"
    },
    "plans_all": [
      {
        "entry_zone": {
          "High": 20.38,
          "Low": 20.080000000000002
        },
        "fail_reasons": [
          {
            "code": "VOLUME_NEED_CONFIRM",
            "label": "Ch\u01b0a c\u00f3 volume x\u00e1c nh\u1eadn; \u01b0u ti\u00ean ch\u1edd t\u0103ng x\u00e1c su\u1ea5t.",
            "severity": 1,
            "ui_short": "Ch\u1edd volume"
          },
          {
            "code": "TRIGGER_NOT_READY",
            "label": "Trigger ch\u01b0a k\u00edch ho\u1ea1t; \u01b0u ti\u00ean ch\u1edd x\u00e1c nh\u1eadn.",
            "severity": 1,
            "ui_short": "Ch\u1edd trigger"
          }
        ],
        "gates": {
          "breakout": "WAIT",
          "exec": "PASS",
          "plan": "PASS",
          "rr": "PASS",
          "structure": "PASS",
          "trigger": "WAIT",
          "volume": "WAIT"
        },
        "invalidation": "Invalidation: th\u1ee7ng stop/\u0111\u00f3ng c\u1eeda d\u01b0\u1edbi v\u00f9ng c\u1ea5u tr\u00fac neo stop.",
        "management_rules": [
          "Ch\u1edd reclaim m\u1ed1c c\u1ea5u tr\u00fac (gi\u00e1 l\u1ea5y l\u1ea1i kh\u00e1ng c\u1ef1 v\u00e0 gi\u1eef \u0111\u01b0\u1ee3c).",
          "Stop: d\u01b0\u1edbi m\u1ed1c reclaim + buffer (\u0111\u1ed9ng).",
          "N\u1ebfu reclaim fail \u2192 gi\u1ea3m/tho\u00e1t nhanh."
        ],
        "notes_short": "Scenario: S5 \u2013 Range + Momentum Aligned | Setup: Reclaim",
        "plan_completeness": {
          "message": "-",
          "missing": [],
          "status": "PASS"
        },
        "rank_score": 6.672000000000001,
        "rr_actual": 3.453333333333333,
        "rr_display": "3.5",
        "rr_min": 1.5,
        "state": "WATCH",
        "stop": 19.48,
        "tp1": 22.82,
        "tp2": 24.374000000000002,
        "type": "RECLAIM"
      },
      {
        "defensive_hard_stop": 16.84,
        "defensive_reclaim": 20.23,
        "defensive_reclaim_level": 20.23,
        "defensive_reclaim_zone": {
          "High": 20.38,
          "Low": 20.080000000000002
        },
        "entry_zone": {
          "High": NaN,
          "Low": NaN
        },
        "fail_reasons": [],
        "gates": {
          "breakout": "PASS",
          "exec": "PASS",
          "plan": "PASS",
          "rr": "PASS",
          "structure": "PASS",
          "trigger": "PASS",
          "volume": "PASS"
        },
        "invalidation": "Invalidation: th\u1ee7ng stop/\u0111\u00f3ng c\u1eeda d\u01b0\u1edbi v\u00f9ng c\u1ea5u tr\u00fac neo stop.",
        "management_rules": [
          "\u01afu ti\u00ean \u0111\u1ee9ng ngo\u00e0i ho\u1eb7c gi\u1ea3m r\u1ee7i ro khi c\u1ea5u tr\u00fac/volume ch\u01b0a x\u00e1c nh\u1eadn.",
          "Ch\u1ec9 chuy\u1ec3n sang plan ch\u1ee7 \u0111\u1ed9ng khi Structure/Volume/Trigger c\u1ea3i thi\u1ec7n."
        ],
        "notes_short": "Scenario: S5 \u2013 Range + Momentum Aligned | Setup: Defensive",
        "plan_completeness": {
          "message": "-",
          "missing": [],
          "status": "PASS"
        },
        "rank_score": 5.672,
        "rr_actual": NaN,
        "rr_display": "-",
        "rr_min": 1.5,
        "state": "WATCH",
        "stop": NaN,
        "tp1": NaN,
        "tp2": NaN,
        "type": "DEFENSIVE"
      },
      {
        "entry_zone": {
          "High": 19.227999999999998,
          "Low": 18.432
        },
        "fail_reasons": [
          {
            "code": "RR_BELOW_MIN",
            "label": "R:R d\u01b0\u1edbi m\u1ee9c t\u1ed1i thi\u1ec3u theo policy; c\u1ea7n \u0111i\u1ec3m v\u00e0o t\u1ed1t h\u01a1n ho\u1eb7c stop h\u1ee3p l\u00fd h\u01a1n.",
            "severity": 2,
            "ui_short": "RR th\u1ea5p"
          },
          {
            "code": "TRIGGER_INVALID",
            "label": "Trigger b\u1ecb invalid theo setup; kh\u00f4ng tri\u1ec3n khai plan n\u00e0y.",
            "severity": 2,
            "ui_short": "Trigger invalid"
          }
        ],
        "gates": {
          "breakout": "PASS",
          "exec": "PASS",
          "plan": "PASS",
          "rr": "FAIL",
          "structure": "PASS",
          "trigger": "FAIL",
          "volume": "PASS"
        },
        "invalidation": "Invalidation: th\u1ee7ng stop/\u0111\u00f3ng c\u1eeda d\u01b0\u1edbi v\u00f9ng c\u1ea5u tr\u00fac neo stop.",
        "management_rules": [
          "\u01afu ti\u00ean h\u1ed3i v\u1ec1 h\u1ed7 tr\u1ee3 (MA/Fib) r\u1ed3i m\u1edbi v\u00e0o; tr\u00e1nh mua \u0111u\u1ed5i.",
          "Stop: d\u01b0\u1edbi h\u1ed7 tr\u1ee3 neo + buffer (\u0111\u1ed9ng).",
          "Khi h\u1ed3i l\u00ean kh\u00e1ng c\u1ef1 g\u1ea7n, \u01b0u ti\u00ean ch\u1ed1t m\u1ed9t ph\u1ea7n/si\u1ebft stop."
        ],
        "notes_short": "Scenario: S5 \u2013 Range + Momentum Aligned | Setup: Pullback",
        "plan_completeness": {
          "message": "-",
          "missing": [],
          "status": "PASS"
        },
        "rank_score": 5.372000000000001,
        "rr_actual": 0.6834170854271377,
        "rr_display": "-",
        "rr_min": 1.5,
        "state": "WATCH",
        "stop": 16.84,
        "tp1": 20.19,
        "tp2": 21.006000000000004,
        "type": "PULLBACK"
      },
      {
        "entry_zone": {
          "High": 22.968,
          "Low": 22.592000000000002
        },
        "fail_reasons": [
          {
            "code": "RR_BELOW_MIN",
            "label": "R:R d\u01b0\u1edbi m\u1ee9c t\u1ed1i thi\u1ec3u theo policy; c\u1ea7n \u0111i\u1ec3m v\u00e0o t\u1ed1t h\u01a1n ho\u1eb7c stop h\u1ee3p l\u00fd h\u01a1n.",
            "severity": 2,
            "ui_short": "RR th\u1ea5p"
          },
          {
            "code": "TRIGGER_INVALID",
            "label": "Trigger b\u1ecb invalid theo setup; kh\u00f4ng tri\u1ec3n khai plan n\u00e0y.",
            "severity": 2,
            "ui_short": "Trigger invalid"
          },
          {
            "code": "VOLUME_NEED_CONFIRM",
            "label": "Ch\u01b0a c\u00f3 volume x\u00e1c nh\u1eadn; \u01b0u ti\u00ean ch\u1edd t\u0103ng x\u00e1c su\u1ea5t.",
            "severity": 1,
            "ui_short": "Ch\u1edd volume"
          }
        ],
        "gates": {
          "breakout": "WAIT",
          "exec": "PASS",
          "plan": "PASS",
          "rr": "FAIL",
          "structure": "PASS",
          "trigger": "FAIL",
          "volume": "WAIT"
        },
        "invalidation": "Invalidation: th\u1ee7ng stop/\u0111\u00f3ng c\u1eeda d\u01b0\u1edbi v\u00f9ng c\u1ea5u tr\u00fac neo stop.",
        "management_rules": [
          "Entry ch\u1ec9 khi gi\u00e1 v\u01b0\u1ee3t v\u00f9ng kh\u00e1ng c\u1ef1 v\u00e0 c\u00f3 follow-through.",
          "Stop: d\u01b0\u1edbi v\u00f9ng breakout + buffer (\u0111\u1ed9ng theo ATR/vol proxy).",
          "N\u1ebfu breakout fail (\u0111\u00f3ng c\u1eeda l\u1ea1i d\u01b0\u1edbi v\u00f9ng), \u01b0u ti\u00ean tho\u00e1t/gi\u1ea3m."
        ],
        "notes_short": "Scenario: S5 \u2013 Range + Momentum Aligned | Setup: Breakout",
        "plan_completeness": {
          "message": "-",
          "missing": [],
          "status": "PASS"
        },
        "rank_score": 5.0360000000000005,
        "rr_actual": 0.04255319148936074,
        "rr_display": "-",
        "rr_min": 1.5,
        "state": "WATCH",
        "stop": 21.84,
        "tp1": 22.82,
        "tp2": 22.844,
        "type": "BREAKOUT"
      },
      {
        "entry_zone": {
          "High": 19.227999999999998,
          "Low": 18.432
        },
        "fail_reasons": [
          {
            "code": "RR_BELOW_MIN",
            "label": "R:R d\u01b0\u1edbi m\u1ee9c t\u1ed1i thi\u1ec3u theo policy; c\u1ea7n \u0111i\u1ec3m v\u00e0o t\u1ed1t h\u01a1n ho\u1eb7c stop h\u1ee3p l\u00fd h\u01a1n.",
            "severity": 2,
            "ui_short": "RR th\u1ea5p"
          },
          {
            "code": "TRIGGER_INVALID",
            "label": "Trigger b\u1ecb invalid theo setup; kh\u00f4ng tri\u1ec3n khai plan n\u00e0y.",
            "severity": 2,
            "ui_short": "Trigger invalid"
          },
          {
            "code": "VOLUME_NEED_CONFIRM",
            "label": "Ch\u01b0a c\u00f3 volume x\u00e1c nh\u1eadn; \u01b0u ti\u00ean ch\u1edd t\u0103ng x\u00e1c su\u1ea5t.",
            "severity": 1,
            "ui_short": "Ch\u1edd volume"
          }
        ],
        "gates": {
          "breakout": "PASS",
          "exec": "PASS",
          "plan": "PASS",
          "rr": "FAIL",
          "structure": "PASS",
          "trigger": "FAIL",
          "volume": "WAIT"
        },
        "invalidation": "Invalidation: th\u1ee7ng stop/\u0111\u00f3ng c\u1eeda d\u01b0\u1edbi v\u00f9ng c\u1ea5u tr\u00fac neo stop.",
        "management_rules": [
          "Ch\u1ec9 tri\u1ec3n khai khi c\u00f3 range r\u00f5; \u01b0u ti\u00ean v\u00e0o g\u1ea7n h\u1ed7 tr\u1ee3 v\u00e0 tho\u00e1t g\u1ea7n kh\u00e1ng c\u1ef1.",
          "Stop: d\u01b0\u1edbi h\u1ed7 tr\u1ee3 neo + buffer (\u0111\u1ed9ng).",
          "Kh\u00f4ng \u0111u\u1ed5i theo breakout trong regime range n\u1ebfu ch\u01b0a c\u00f3 x\u00e1c nh\u1eadn."
        ],
        "notes_short": "Scenario: S5 \u2013 Range + Momentum Aligned | Setup: MeanRev",
        "plan_completeness": {
          "message": "-",
          "missing": [],
          "status": "PASS"
        },
        "rank_score": 4.196000000000001,
        "rr_actual": 0.6834170854271377,
        "rr_display": "-",
        "rr_min": 1.5,
        "state": "WATCH",
        "stop": 16.84,
        "tp1": 20.19,
        "tp2": 21.006000000000004,
        "type": "MEAN_REV"
      }
    ],
    "plans_display": [
      {
        "entry_zone": {
          "High": 20.38,
          "Low": 20.080000000000002
        },
        "fail_reasons": [
          {
            "code": "VOLUME_NEED_CONFIRM",
            "label": "Ch\u01b0a c\u00f3 volume x\u00e1c nh\u1eadn; \u01b0u ti\u00ean ch\u1edd t\u0103ng x\u00e1c su\u1ea5t.",
            "severity": 1,
            "ui_short": "Ch\u1edd volume"
          },
          {
            "code": "TRIGGER_NOT_READY",
            "label": "Trigger ch\u01b0a k\u00edch ho\u1ea1t; \u01b0u ti\u00ean ch\u1edd x\u00e1c nh\u1eadn.",
            "severity": 1,
            "ui_short": "Ch\u1edd trigger"
          }
        ],
        "gates": {
          "breakout": "WAIT",
          "exec": "PASS",
          "plan": "PASS",
          "rr": "PASS",
          "structure": "PASS",
          "trigger": "WAIT",
          "volume": "WAIT"
        },
        "invalidation": "Invalidation: th\u1ee7ng stop/\u0111\u00f3ng c\u1eeda d\u01b0\u1edbi v\u00f9ng c\u1ea5u tr\u00fac neo stop.",
        "management_rules": [
          "Ch\u1edd reclaim m\u1ed1c c\u1ea5u tr\u00fac (gi\u00e1 l\u1ea5y l\u1ea1i kh\u00e1ng c\u1ef1 v\u00e0 gi\u1eef \u0111\u01b0\u1ee3c).",
          "Stop: d\u01b0\u1edbi m\u1ed1c reclaim + buffer (\u0111\u1ed9ng).",
          "N\u1ebfu reclaim fail \u2192 gi\u1ea3m/tho\u00e1t nhanh."
        ],
        "notes_short": "Scenario: S5 \u2013 Range + Momentum Aligned | Setup: Reclaim",
        "plan_completeness": {
          "message": "-",
          "missing": [],
          "status": "PASS"
        },
        "rank_score": 6.672000000000001,
        "rr_actual": 3.453333333333333,
        "rr_display": "3.5",
        "rr_min": 1.5,
        "state": "WATCH",
        "stop": 19.48,
        "tp1": 22.82,
        "tp2": 24.374000000000002,
        "type": "RECLAIM"
      },
      {
        "defensive_hard_stop": 16.84,
        "defensive_reclaim": 20.23,
        "defensive_reclaim_level": 20.23,
        "defensive_reclaim_zone": {
          "High": 20.38,
          "Low": 20.080000000000002
        },
        "entry_zone": {
          "High": NaN,
          "Low": NaN
        },
        "fail_reasons": [],
        "gates": {
          "breakout": "PASS",
          "exec": "PASS",
          "plan": "PASS",
          "rr": "PASS",
          "structure": "PASS",
          "trigger": "PASS",
          "volume": "PASS"
        },
        "invalidation": "Invalidation: th\u1ee7ng stop/\u0111\u00f3ng c\u1eeda d\u01b0\u1edbi v\u00f9ng c\u1ea5u tr\u00fac neo stop.",
        "management_rules": [
          "\u01afu ti\u00ean \u0111\u1ee9ng ngo\u00e0i ho\u1eb7c gi\u1ea3m r\u1ee7i ro khi c\u1ea5u tr\u00fac/volume ch\u01b0a x\u00e1c nh\u1eadn.",
          "Ch\u1ec9 chuy\u1ec3n sang plan ch\u1ee7 \u0111\u1ed9ng khi Structure/Volume/Trigger c\u1ea3i thi\u1ec7n."
        ],
        "notes_short": "Scenario: S5 \u2013 Range + Momentum Aligned | Setup: Defensive",
        "plan_completeness": {
          "message": "-",
          "missing": [],
          "status": "PASS"
        },
        "rank_score": 5.672,
        "rr_actual": NaN,
        "rr_display": "-",
        "rr_min": 1.5,
        "state": "WATCH",
        "stop": NaN,
        "tp1": NaN,
        "tp2": NaN,
        "type": "DEFENSIVE"
      }
    ],
    "policy_hint_line": "RR>=2.5 | Size<=50% | Overnight: Avoid",
    "schema": "TradePlanPack.v1"
  },
  "_ModuleErrors": null,
  "_Warnings": null
}
